Billing Document,Item,Billing Type,Billing Date,Billing Qty in SKU,Material,Item Description,Material Group,Assignment
60000001,10,ZF2,9/13/2024,3250,34000008,COMFEED P Broiler Starter CRB50,FPBF01,60000001
60000002,10,ZF2,9/13/2024,500,34000008,COMFEED P Broiler Starter CRB50,FPBF01,60000002
60000002,20,ZF2,9/13/2024,1000,34000009,COMFEED P Broiler Finsher Pellet50,FPBF01,60000002
60000002,30,ZF2,9/13/2024,1000,34000010,COMFEED P Broiler Finsher CRB50,FPBF01,60000002
60000002,40,ZF2,9/13/2024,1000,34000024,BENEFEED C Broiler Counter CRB-50 Kg,FPBF01,60000002
60000002,50,ZF2,9/13/2024,8500,34000055,ULTRAFEED P Brlr Brdr Layer Ph3 Pellet50,FPBF03,60000002
60000002,60,ZF2,9/13/2024,400,34000066,COMFEED P Broiler Conc 10% Mash50,FPBF01,60000002
60000002,70,ZF2,9/13/2024,250,34000073,COMFEED P Broiler Pre-Starter 5% Premix,FPBF01,60000002
60000002,80,ZF2,9/13/2024,250,34000075,COMFEED P Broiler Finisher 5% Premix,FPBF01,60000002
60000002,90,ZF2,9/13/2024,1100,34000076,COMFEED P Layer Starter CRB50,FPLF01,60000002
60000002,100,ZF2,9/13/2024,2500,34000093,BENEFEED P Layer Layer Ph1 CRB50,FPLF01,60000002
60000002,110,ZF2,9/13/2024,4500,34000109,COMFEED P Layer Grwr Con 40% CRB50,FPLF01,60000002
60000002,120,ZF2,9/13/2024,19750,34000117,BENEFEED C Deshi Starter CRB50,FPDF01,60000002
60000003,10,ZF2,9/13/2024,500,34000076,COMFEED P Layer Starter CRB50,FPLF01,60000003
60000004,10,ZF2,9/13/2024,50,34000076,COMFEED P Layer Starter CRB50,FPLF01,60000004
60000005,10,ZF2,9/13/2024,50,34000076,COMFEED P Layer Starter CRB50,FPLF01,60000005
60000006,10,ZF2,9/13/2024,50,34000076,COMFEED P Layer Starter CRB50,FPLF01,60000006
60000009,10,ZF2,9/15/2024,250,34000122,BENEFEED C Deshi Ds Conc 35% CRB50,FPLF01,60000009
60000010,10,ZF2,9/15/2024,1000,34000122,BENEFEED C Deshi Ds Conc 35% CRB50,FPLF01,60000010
60000011,10,ZF2,9/15/2024,1000,34000122,BENEFEED C Deshi Ds Conc 35% CRB50,FPLF01,60000011
60000015,10,ZF2,9/19/2024,3000,34000007,COMFEED P Broiler Pre-Starter CRB50,FPBF01,60000015
60000016,10,ZF2,9/19/2024,5000,34000007,COMFEED P Broiler Pre-Starter CRB50,FPBF01,60000016
60000016,20,ZF2,9/19/2024,5000,34000008,COMFEED P Broiler Starter CRB50,FPBF01,60000016
60000016,30,ZF2,9/19/2024,5000,34000009,COMFEED P Broiler Finsher Pellet50,FPBF01,60000016
60000016,40,ZF2,9/19/2024,5000,34000010,COMFEED P Broiler Finsher CRB50,FPBF01,60000016
60000017,10,ZF2,9/19/2024,500,34000007,COMFEED P Broiler Pre-Starter CRB50,FPBF01,60000017
60000017,20,ZF2,9/19/2024,50,34000008,COMFEED P Broiler Starter CRB50,FPBF01,60000017
60000018,10,ZF2,9/19/2024,500,34000007,COMFEED P Broiler Pre-Starter CRB50,FPBF01,60000018
60000018,20,ZF2,9/19/2024,500,34000008,COMFEED P Broiler Starter CRB50,FPBF01,60000018
60000018,30,ZF2,9/19/2024,500,34000009,COMFEED P Broiler Finsher Pellet50,FPBF01,60000018
60000018,40,ZF2,9/19/2024,500,34000010,COMFEED P Broiler Finsher CRB50,FPBF01,60000018
60000019,10,ZF2,9/20/2024,500,34000007,COMFEED P Broiler Pre-Starter CRB50,FPBF01,60000019
60000019,20,ZF2,9/20/2024,500,34000009,COMFEED P Broiler Finsher Pellet50,FPBF01,60000019
60000021,10,ZF2,9/20/2024,500,34000007,COMFEED P Broiler Pre-Starter CRB50,FPBF01,60000021
60000021,30,ZF2,9/20/2024,500,34000009,COMFEED P Broiler Finsher Pellet50,FPBF01,60000021
60000022,20,ZF2,9/20/2024,500,34000008,COMFEED P Broiler Starter CRB50,FPBF01,60000022
60000022,30,ZF2,9/20/2024,500,34000009,COMFEED P Broiler Finsher Pellet50,FPBF01,60000022
60000022,40,ZF2,9/20/2024,500,34000010,COMFEED P Broiler Finsher CRB50,FPBF01,60000022
60000023,20,ZF2,9/20/2024,500,34000008,COMFEED P Broiler Starter CRB50,FPBF01,60000023
60000023,40,ZF2,9/20/2024,500,34000010,COMFEED P Broiler Finsher CRB50,FPBF01,60000023
60000041,10,ZF2,9/21/2024,2400,34000007A,COMFEED P Broiler Pre-Starter CRB50,FPBF01,60000041
60000041,20,ZF2,9/21/2024,550,34000035A,BENEFEED P Broiler Pre-Starter CRB50,FPBF01,60000041
60000042,10,ZF2,9/21/2024,1000,34000007,COMFEED P Broiler Pre-Starter CRB50,FPBF01,60000042
60000047,30,ZF2,9/21/2024,650,34000007,COMFEED P Broiler Pre-Starter CRB50,FPBF01,60000047
60000048,10,ZF2,9/21/2024,2000,34000009,COMFEED P Broiler Finsher Pellet50,FPBF01,60000048
60000049,10,ZF2,9/21/2024,2500,34000007,COMFEED P Broiler Pre-Starter CRB50,FPBF01,60000049
60000049,20,ZF2,9/21/2024,13500,34000008,COMFEED P Broiler Starter CRB50,FPBF01,60000049
60000061,10,ZF2,9/22/2024,1250,34000007,COMFEED P Broiler Pre-Starter CRB50,FPBF01,60000061
60000097,10,ZF2,9/23/2024,37500,34000008,COMFEED P Broiler Starter CRB50,FPBF01,60000097
60000098,10,ZF2,9/23/2024,2500,34000035A,BENEFEED P Broiler Pre-Starter CRB50,FPBF01,60000098
60000099,10,ZF2,9/23/2024,50,34000007,COMFEED P Broiler Pre-Starter CRB50,FPBF01,60000099
60000099,20,ZF2,9/23/2024,50,34000073,COMFEED P Broiler Pre-Starter 5% Premix,FPBF01,60000099
60000099,30,ZF2,9/23/2024,50,34000075,COMFEED P Broiler Finisher 5% Premix,FPBF01,60000099
60000099,40,ZF2,9/23/2024,50,34000009,COMFEED P Broiler Finsher Pellet50,FPBF01,60000099
60000099,50,ZF2,9/23/2024,50,34000074,COMFEED P Broiler Starter 5% Premix,FPBF01,60000099
60000099,60,ZF2,9/23/2024,50,34000008C,COMFEED P Broiler Starter CRB50,FPBF01,60000099
60000099,70,ZF2,9/23/2024,50,34000007,COMFEED P Broiler Pre-Starter CRB50,FPBF01,60000099
60000100,10,ZF2,9/23/2024,1500,34000007A,COMFEED P Broiler Pre-Starter CRB50,FPBF01,60000100
60000101,10,ZF2,9/23/2024,2000,34000007A,COMFEED P Broiler Pre-Starter CRB50,FPBF01,60000101
60000102,10,ZF2,9/23/2024,1750,34000007,COMFEED P Broiler Pre-Starter CRB50,FPBF01,60000102
60000103,10,ZF2,9/23/2024,1200,34000007,COMFEED P Broiler Pre-Starter CRB50,FPBF01,60000103
60000104,10,ZF2,9/21/2024,750,34000007,COMFEED P Broiler Pre-Starter CRB50,FPBF01,60000104
60000105,10,ZF2,9/21/2024,2000,34000007,COMFEED P Broiler Pre-Starter CRB50,FPBF01,60000105
60000105,20,ZF2,9/21/2024,20000,34000008,COMFEED P Broiler Starter CRB50,FPBF01,60000105
60000105,30,ZF2,9/21/2024,2000,34000009,COMFEED P Broiler Finsher Pellet50,FPBF01,60000105
60000106,10,ZF2,9/21/2024,2000,34000007,COMFEED P Broiler Pre-Starter CRB50,FPBF01,60000106
60000106,11,ZF2,9/21/2024,500,34000007,COMFEED P Broiler Pre-Starter CRB50,FPBF01,60000106
60000106,20,ZF2,9/21/2024,24500,34000008,COMFEED P Broiler Starter CRB50,FPBF01,60000106
60000106,21,ZF2,9/21/2024,500,34000008,COMFEED P Broiler Starter CRB50,FPBF01,60000106
60000106,30,ZF2,9/21/2024,2000,34000009,COMFEED P Broiler Finsher Pellet50,FPBF01,60000106
60000106,31,ZF2,9/21/2024,500,34000009,COMFEED P Broiler Finsher Pellet50,FPBF01,60000106
60000107,10,ZF2,9/21/2024,1250,34000035A,BENEFEED P Broiler Pre-Starter CRB50,FPBF01,60000107
60000108,10,ZF2,9/23/2024,5000,34000007,COMFEED P Broiler Pre-Starter CRB50,FPBF01,60000108
60000108,20,ZF2,9/23/2024,45000,34000008,COMFEED P Broiler Starter CRB50,FPBF01,60000108
60000108,30,ZF2,9/23/2024,2400,34000009,COMFEED P Broiler Finsher Pellet50,FPBF01,60000108
60000108,40,ZF2,9/23/2024,3550,34000010,COMFEED P Broiler Finsher CRB50,FPBF01,60000108
60000109,10,ZF2,9/23/2024,1000,34000007,COMFEED P Broiler Pre-Starter CRB50,FPBF01,60000109
60000109,20,ZF2,9/23/2024,1000,34000008,COMFEED P Broiler Starter CRB50,FPBF01,60000109
60000109,30,ZF2,9/23/2024,2000,34000009,COMFEED P Broiler Finsher Pellet50,FPBF01,60000109
60000110,10,ZF2,9/23/2024,2750,34000007,COMFEED P Broiler Pre-Starter CRB50,FPBF01,60000110
60000110,20,ZF2,9/23/2024,6000,34000035,BENEFEED P Broiler Pre-Starter CRB50,FPBF01,60000110
60000111,20,ZF2,9/23/2024,500,34000007,COMFEED P Broiler Pre-Starter CRB50,FPBF01,60000111
60000111,30,ZF2,9/23/2024,500,34000009,COMFEED P Broiler Finsher Pellet50,FPBF01,60000111
60000117,10,ZF2,9/23/2024,7400,34000007,COMFEED P Broiler Pre-Starter CRB50,FPBF01,60000117
60000118,10,ZF2,9/23/2024,8500,34000007,COMFEED P Broiler Pre-Starter CRB50,FPBF01,60000118
60000119,10,ZF2,9/23/2024,150,34000007,COMFEED P Broiler Pre-Starter CRB50,FPBF01,60000119
60000128,10,ZF2,9/24/2024,1500,34000007,COMFEED P Broiler Pre-Starter CRB50,FPBF01,60000128
60000129,10,ZF2,9/24/2024,10000,34000094,BENEFEED P Layer Layer Ph2 CRB50,FPLF01,60000129
60000130,10,ZF2,9/24/2024,10000,34000008,COMFEED P Broiler Starter CRB50,FPBF01,60000130
60000131,10,ZF2,9/24/2024,5000,34000093,BENEFEED P Layer Layer Ph1 CRB50,FPLF01,60000131
60000133,10,ZF2,9/24/2024,10050,34000093,BENEFEED P Layer Layer Ph1 CRB50,FPLF01,60000133
60000150,10,ZF2,9/24/2024,2000,34000001C,COMFEED C Broiler Starter CRB50 CT,FPBF01,60000150
60000151,10,ZF2,9/24/2024,1000,34000002C,COMFEED C Broiler Finsher Pellet50 CT,FPBF01,60000151
60000152,10,ZF2,9/24/2024,1000,34000001C,COMFEED C Broiler Starter CRB50 CT,FPBF01,60000152
60000153,10,ZF2,9/24/2024,400,34000007,COMFEED P Broiler Pre-Starter CRB50,FPBF01,60000153
60000154,20,ZF2,9/24/2024,250,34000094,BENEFEED P Layer Layer Ph2 CRB50,FPLF01,60000154
60000154,30,ZF2,9/24/2024,250,34000077,COMFEED P Layer Grower CRB50,FPLF01,60000154
60000155,10,ZF2,9/24/2024,1000,34000001C,COMFEED C Broiler Starter CRB50 CT,FPBF01,60000155
60000155,20,ZF2,9/24/2024,250,34000093,BENEFEED P Layer Layer Ph1 CRB50,FPLF01,60000155
60000155,30,ZF2,9/24/2024,250,34000024,BENEFEED C Broiler Counter CRB-50 Kg,FPBF01,60000155
60000156,10,ZF2,9/23/2024,200,34000007,COMFEED P Broiler Pre-Starter CRB50,FPBF01,60000156
60000157,10,ZF2,9/25/2024,5000,34000142,STP SF ADULT FISH 26/5 PELLET50kg,FPFF01,60000157
60000157,20,ZF2,9/25/2024,5000,34000145,STP SF ADULT FISH 20/4 PELLET50kg,FPFF01,60000157
60000158,10,ZF2,9/25/2024,2500,34000007,COMFEED P Broiler Pre-Starter CRB50,FPBF01,60000158
60000161,10,ZF2,9/25/2024,50,34000093,BENEFEED P Layer Layer Ph1 CRB50,FPLF01,60000161
60000161,20,ZF2,9/25/2024,50,34000077,COMFEED P Layer Grower CRB50,FPLF01,60000161
60000161,30,ZF2,9/25/2024,50,34000008A,COMFEED P Broiler Starter CRB50,FPBF01,60000161
60000161,100,ZF2,9/25/2024,50,34000118,BENEFEED C Deshi Finsher CRB50,FPDF01,60000161
60000175,10,ZF2,9/25/2024,50,34000183,COMFEED C PIG FEED PELLET 50 KG,FPPF01,60000175
60000180,30,ZF2,9/25/2024,100,34000182,BENEFEED C PIG FEED PELLET 50 KG,FPPF01,60000180
60000181,10,ZF2,9/25/2024,250,34000130,ULTRAFEED S CALF STARTER PELLET 25 KG,FPCF01,60000181
60000181,20,ZF2,9/25/2024,500,34000131,ULTRAFEED S CALF GROWER PELLET 50 KG,FPCF01,60000181
60000181,30,ZF2,9/25/2024,500,34000132,ULTRAFEED S HEIFER FEED PELLET 50 KG,FPCF01,60000181
60000181,40,ZF2,9/25/2024,500,34000133,ULTRAFEED S TRANSITION FEED PELLET 50 KG,FPCF01,60000181
60000181,50,ZF2,9/25/2024,500,34000134,ULTRAFEED S CATTLE FEED PELLET 50 KG,FPCF01,60000181
60000181,60,ZF2,9/25/2024,500,34000135,COMFEED P CATTLE FEED PELLET 50 KG,FPCF01,60000181
60000181,70,ZF2,9/25/2024,500,34000136,BENEFEED P CATTLE FEED PELLET 50 KG,FPCF01,60000181
60000181,80,ZF2,9/25/2024,500,34000137,BENEFEED C DAIRY SPECIAL PELLET 50 KG,FPCF01,60000181
60000181,90,ZF2,9/25/2024,590,34000138,BENEFEED P CATTLE FEED PELLET 59 KG,FPCF01,60000181
60000182,10,ZF2,9/25/2024,250,34000130,ULTRAFEED S CALF STARTER PELLET 25 KG,FPCF01,60000182
60000183,10,ZF2,9/25/2024,250,34000130,ULTRAFEED S CALF STARTER PELLET 25 KG,FPCF01,60000183
60000183,20,ZF2,9/25/2024,500,34000131,ULTRAFEED S CALF GROWER PELLET 50 KG,FPCF01,60000183
60000183,30,ZF2,9/25/2024,500,34000132,ULTRAFEED S HEIFER FEED PELLET 50 KG,FPCF01,60000183
60000183,40,ZF2,9/25/2024,500,34000133,ULTRAFEED S TRANSITION FEED PELLET 50 KG,FPCF01,60000183
60000183,50,ZF2,9/25/2024,500,34000134,ULTRAFEED S CATTLE FEED PELLET 50 KG,FPCF01,60000183
60000183,60,ZF2,9/25/2024,500,34000135,COMFEED P CATTLE FEED PELLET 50 KG,FPCF01,60000183
60000183,70,ZF2,9/25/2024,500,34000136,BENEFEED P CATTLE FEED PELLET 50 KG,FPCF01,60000183
60000184,10,ZF2,9/25/2024,500,34000007,COMFEED P Broiler Pre-Starter CRB50,FPBF01,60000184
60000184,20,ZF2,9/25/2024,500,34000008,COMFEED P Broiler Starter CRB50,FPBF01,60000184
60000184,30,ZF2,9/25/2024,500,34000009,COMFEED P Broiler Finsher Pellet50,FPBF01,60000184
60000184,40,ZF2,9/25/2024,500,34000010,COMFEED P Broiler Finsher CRB50,FPBF01,60000184
60000185,10,ZF2,9/25/2024,500,34000007,COMFEED P Broiler Pre-Starter CRB50,FPBF01,60000185
60000185,20,ZF2,9/25/2024,500,34000008,COMFEED P Broiler Starter CRB50,FPBF01,60000185
60000185,30,ZF2,9/25/2024,500,34000009,COMFEED P Broiler Finsher Pellet50,FPBF01,60000185
60000185,40,ZF2,9/25/2024,500,34000010,COMFEED P Broiler Finsher CRB50,FPBF01,60000185
60000196,20,ZF2,9/26/2024,500,34000008,COMFEED P Broiler Starter CRB50,FPBF01,60000196
60000196,30,ZF2,9/26/2024,500,34000009,COMFEED P Broiler Finsher Pellet50,FPBF01,60000196
60000196,40,ZF2,9/26/2024,500,34000010,COMFEED P Broiler Finsher CRB50,FPBF01,60000196
60000215,10,ZF2,9/26/2024,250,34000135,COMFEED P CATTLE FEED PELLET 50 KG,FPCF01,60000215
60000215,20,ZF2,9/26/2024,250,34000136,BENEFEED P CATTLE FEED PELLET 50 KG,FPCF01,60000215
60000215,30,ZF2,9/26/2024,100,34000137,BENEFEED C DAIRY SPECIAL PELLET 50 KG,FPCF01,60000215
60000217,10,ZF2,9/26/2024,250,34000135,COMFEED P CATTLE FEED PELLET 50 KG,FPCF01,60000217
60000217,20,ZF2,9/26/2024,250,34000136,BENEFEED P CATTLE FEED PELLET 50 KG,FPCF01,60000217
60000217,30,ZF2,9/26/2024,100,34000137,BENEFEED C DAIRY SPECIAL PELLET 50 KG,FPCF01,60000217
60000316,10,ZF2,9/26/2024,150,34000007,COMFEED P Broiler Pre-Starter CRB50,FPBF01,60000316
60000317,10,ZF2,9/27/2024,500,34000093,BENEFEED P Layer Layer Ph1 CRB50,FPLF01,60000317
60000366,10,ZF2,9/27/2024,500,34000007,COMFEED P Broiler Pre-Starter CRB50,FPBF01,60000366
60000366,20,ZF2,9/27/2024,500,34000008,COMFEED P Broiler Starter CRB50,FPBF01,60000366
60000366,30,ZF2,9/27/2024,500,34000009,COMFEED P Broiler Finsher Pellet50,FPBF01,60000366
60000366,40,ZF2,9/27/2024,500,34000010,COMFEED P Broiler Finsher CRB50,FPBF01,60000366
60000424,10,ZF2,9/30/2024,50,34000008,COMFEED P Broiler Starter CRB50,FPBF01,60000424
60000427,10,ZF2,9/30/2024,500,34000007,COMFEED P Broiler Pre-Starter CRB50,FPBF01,60000427
60000432,10,ZF2,02/10/2024,500,34000009,COMFEED P Broiler Finsher Pellet50,FPBF01,60000432
60000452,10,ZF2,04/10/2024,500,34000030,COMFEED P BR Finisher Semi Pellet50,FPBF01,60000452
60000453,10,ZF2,04/10/2024,500,34000030,COMFEED P BR Finisher Semi Pellet50,FPBF01,60000453
60000454,10,ZF2,04/10/2024,500,34000030,COMFEED P BR Finisher Semi Pellet50,FPBF01,60000454
60000455,10,ZF2,04/10/2024,500,34000030,COMFEED P BR Finisher Semi Pellet50,FPBF01,60000455
60000456,10,ZF2,09/10/2024,100,34000007,COMFEED P Broiler Pre-Starter CRB50,FPBF01,60000456
60000456,20,ZF2,09/10/2024,100,34000008,COMFEED P Broiler Starter CRB50,FPBF01,60000456
60000456,30,ZF2,09/10/2024,100,34000010,COMFEED P Broiler Finsher CRB50,FPBF01,60000456
60000456,40,ZF2,09/10/2024,100,34000118,BENEFEED C Deshi Finsher CRB50,FPDF01,60000456
60000456,50,ZF2,09/10/2024,100,34000066,COMFEED P Broiler Conc 10% Mash50,FPBF01,60000456
60000457,10,ZF2,09/10/2024,100,34000007,COMFEED P Broiler Pre-Starter CRB50,FPBF01,60000457
60000457,20,ZF2,09/10/2024,100,34000008,COMFEED P Broiler Starter CRB50,FPBF01,60000457
60000457,30,ZF2,09/10/2024,100,34000118,BENEFEED C Deshi Finsher CRB50,FPDF01,60000457
60000458,10,ZF2,10/10/2024,50000,34000040,ULTRAFEED P Brlr GP Grower CRB50,FPBF03,60000458
60000459,10,ZF2,10/14/2024,12000,34000076A,COMFEED P Layer Starter CRB50,FPLF01,60000459
60000461,10,ZF2,06/11/2024,500,34000009,COMFEED P Broiler Finsher Pellet50,FPBF01,60000461
60000462,10,ZF2,08/11/2024,50,34000009,COMFEED P Broiler Finsher Pellet50,FPBF01,60000462
60000462,20,ZF2,08/11/2024,50,34000009,COMFEED P Broiler Finsher Pellet50,FPBF01,60000462
60000462,30,ZF2,08/11/2024,50,34000009,COMFEED P Broiler Finsher Pellet50,FPBF01,60000462
60000462,40,ZF2,08/11/2024,50,34000009,COMFEED P Broiler Finsher Pellet50,FPBF01,60000462
60000462,50,ZF2,08/11/2024,50,34000009,COMFEED P Broiler Finsher Pellet50,FPBF01,60000462
60000462,60,ZF2,08/11/2024,50,34000009,COMFEED P Broiler Finsher Pellet50,FPBF01,60000462
60000462,70,ZF2,08/11/2024,50,34000009,COMFEED P Broiler Finsher Pellet50,FPBF01,60000462
60000462,80,ZF2,08/11/2024,50,34000009,COMFEED P Broiler Finsher Pellet50,FPBF01,60000462
60000463,10,ZF2,08/11/2024,50,34000009,COMFEED P Broiler Finsher Pellet50,FPBF01,60000463
60000463,20,ZF2,08/11/2024,50,34000010,COMFEED P Broiler Finsher CRB50,FPBF01,60000463
60000463,60,ZF2,08/11/2024,50,34000030,COMFEED P BR Finisher Semi Pellet50,FPBF01,60000463
60000464,10,ZF2,09/11/2024,2500,34000007,COMFEED P Broiler Pre-Starter CRB50,FPBF01,60000464
60000465,10,ZF2,11/11/2024,48,34000007,COMFEED P Broiler Pre-Starter CRB50,FPBF01,60000465
60000465,20,ZF2,11/11/2024,250,34000008,COMFEED P Broiler Starter CRB50,FPBF01,60000465
60000466,10,ZF2,11/11/2024,500,34000007,COMFEED P Broiler Pre-Starter CRB50,FPBF01,60000466
60000467,10,ZF2,10/30/2024,1050,34000007,COMFEED P Broiler Pre-Starter CRB50,FPBF01,60000467
60000470,10,ZF2,11/13/2024,500,34000007,COMFEED P Broiler Pre-Starter CRB50,FPBF01,60000470
60000471,10,ZF2,12/10/2024,500,34000007,COMFEED P Broiler Pre-Starter CRB50,FPBF01,60000471
60000472,10,ZF2,11/13/2024,250,34000130,ULTRAFEED S CALF STARTER PELLET 25 KG,FPCF01,60000472
60000472,20,ZF2,11/13/2024,500,34000131,ULTRAFEED S CALF GROWER PELLET 50 KG,FPCF01,60000472
60000472,30,ZF2,11/13/2024,500,34000132,ULTRAFEED S HEIFER FEED PELLET 50 KG,FPCF01,60000472
60000472,40,ZF2,11/13/2024,500,34000133,ULTRAFEED S TRANSITION FEED PELLET 50 KG,FPCF01,60000472
60000473,10,ZF2,11/14/2024,1000,34000007,COMFEED P Broiler Pre-Starter CRB50,FPBF01,60000473
60000473,11,ZF2,11/14/2024,1000,34000007,COMFEED P Broiler Pre-Starter CRB50,FPBF01,60000473
60000473,12,ZF2,11/14/2024,750,34000007,COMFEED P Broiler Pre-Starter CRB50,FPBF01,60000473
60000475,10,ZF2,11/19/2024,250,34000118,BENEFEED C Deshi Finsher CRB50,FPDF01,60000475
60000476,10,ZF2,01/11/2024,250,34000118,BENEFEED C Deshi Finsher CRB50,FPDF01,60000476
60000477,10,ZF2,11/19/2024,300,34000007,COMFEED P Broiler Pre-Starter CRB50,FPBF01,60000477
60000477,20,ZF2,11/19/2024,5000,34000008,COMFEED P Broiler Starter CRB50,FPBF01,60000477
60000477,30,ZF2,11/19/2024,400,34000009,COMFEED P Broiler Finsher Pellet50,FPBF01,60000477
60000478,10,ZF2,11/19/2024,250,34000009,COMFEED P Broiler Finsher Pellet50,FPBF01,60000478
60000478,11,ZF2,11/19/2024,250,34000009,COMFEED P Broiler Finsher Pellet50,FPBF01,60000478
60000479,10,ZF2,05/11/2024,250,34000025A,ULTRAFEED P Broiler Pre-Starter CRB50,FPBF01,60000479
60000480,10,ZF2,05/11/2024,250,34000025A,ULTRAFEED P Broiler Pre-Starter CRB50,FPBF01,60000480
60000481,10,ZF2,11/21/2024,100,34000025A,ULTRAFEED P Broiler Pre-Starter CRB50,FPBF01,60000481
60000482,10,ZF2,11/21/2024,300,34000025A,ULTRAFEED P Broiler Pre-Starter CRB50,FPBF01,60000482
60000487,10,ZF2,11/22/2024,50,34000007,COMFEED P Broiler Pre-Starter CRB50,FPBF01,60000487
60000487,20,ZF2,11/22/2024,50,34000008,COMFEED P Broiler Starter CRB50,FPBF01,60000487
60000488,10,ZF2,11/18/2024,100,34000009,COMFEED P Broiler Finsher Pellet50,FPBF01,60000488
60000489,10,ZF2,11/22/2024,500,34000007,COMFEED P Broiler Pre-Starter CRB50,FPBF01,60000489
60000490,10,ZF2,11/22/2024,450,34000007,COMFEED P Broiler Pre-Starter CRB50,FPBF01,60000490
60000514,10,ZF2,02/11/2024,200,34000028A,ULTRAFEED P Broiler Finsher Pellet50,FPBF01,60000514
60000515,10,ZF2,10/11/2024,250,34000028A,ULTRAFEED P Broiler Finsher Pellet50,FPBF01,60000515
60000516,10,ZF2,11/25/2024,300,34000028A,ULTRAFEED P Broiler Finsher Pellet50,FPBF01,60000516
60000517,10,ZF2,10/11/2024,150,34000028A,ULTRAFEED P Broiler Finsher Pellet50,FPBF01,60000517
60000518,10,ZF2,11/26/2024,100,34000028A,ULTRAFEED P Broiler Finsher Pellet50,FPBF01,60000518
60000519,10,ZF2,11/26/2024,100,34000028A,ULTRAFEED P Broiler Finsher Pellet50,FPBF01,60000519
60000520,10,ZF2,11/26/2024,100,34000016B,BENEFEED P Broiler Finsher CRB50,FPBF01,60000520
60000521,10,ZF2,11/26/2024,100,34000016B,BENEFEED P Broiler Finsher CRB50,FPBF01,60000521
60000522,10,ZF2,11/26/2024,10000,34000009,COMFEED P Broiler Finsher Pellet50,FPBF01,60000522
60000523,20,ZF2,10/27/2024,10000,34000009,COMFEED P Broiler Finsher Pellet50,FPBF01,60000523
60000524,10,ZF2,9/27/2024,10000,34000009,COMFEED P Broiler Finsher Pellet50,FPBF01,60000524
60000525,20,ZF2,9/27/2024,10000,34000009,COMFEED P Broiler Finsher Pellet50,FPBF01,60000525
60000526,10,ZF2,10/11/2024,100,34000122,BENEFEED C Deshi Ds Conc 35% CRB50,FPLF01,60000526
60000527,10,ZF2,11/15/2024,100,34000122,BENEFEED C Deshi Ds Conc 35% CRB50,FPLF01,60000527
60000528,10,ZF2,11/27/2024,100,34000122,BENEFEED C Deshi Ds Conc 35% CRB50,FPLF01,60000528
60000529,10,ZF2,11/27/2024,200,34000118,BENEFEED C Deshi Finsher CRB50,FPDF01,60000529
60000530,10,ZF2,11/27/2024,200,34000117A,BENEFEED C Deshi Starter CRB50,FPDF01,60000530
60000531,10,ZF2,11/27/2024,200,34000117A,BENEFEED C Deshi Starter CRB50,FPDF01,60000531
60000532,10,ZF2,11/26/2024,500,34000009,COMFEED P Broiler Finsher Pellet50,FPBF01,60000532
60000533,10,ZF2,11/27/2024,100,34000079A,COMFEED P Layer Layer Ph2 CRB50,FPLF01,60000533
60000534,10,ZF2,11/27/2024,100,34000079A,COMFEED P Layer Layer Ph2 CRB50,FPLF01,60000534
60000541,10,ZF2,11/16/2024,100,34000029,BENEFEED C Broiler Counter Pellet 50Kg,FPBF01,60000541
60000542,10,ZF2,11/30/2024,100,34000018A,COMFEED P Broiler Pre-Starter CRB50 CT,FPBF01,60000542
60000543,10,ZF2,01/12/2024,500,33000011A,ULTRAFEED P Broiler Finsher CRB50 CT,FPBF01,60000543
60000547,10,ZF2,02/12/2024,10000,34000010,COMFEED P Broiler Finsher CRB50,FPBF01,60000547
60000549,10,ZF2,04/12/2024,100,34000029,BENEFEED C Broiler Counter Pellet 50Kg,FPBF01,60000549
60000552,10,ZF2,04/12/2024,100,34000029,BENEFEED C Broiler Counter Pellet 50Kg,FPBF01,60000552
60000553,10,ZF2,05/12/2024,50,34000029,BENEFEED C Broiler Counter Pellet 50Kg,FPBF01,60000553
60000554,10,ZF2,05/12/2024,100,34000018A,COMFEED P Broiler Pre-Starter CRB50 CT,FPBF01,60000554
60000555,10,ZF2,05/12/2024,100,34000008,COMFEED P Broiler Starter CRB50,FPBF01,60000555
60000556,10,ZF2,05/12/2024,100,34000118,BENEFEED C Deshi Finsher CRB50,FPDF01,60000556
60000557,10,ZF2,05/12/2024,100,34000117A,BENEFEED C Deshi Starter CRB50,FPDF01,60000557
60000558,10,ZF2,7/15/2024,100,34000011,Tandoori Magic Pre Starter Crumble  50kg,FPBF01,60000558
60000559,10,ZF2,09/12/2024,100,34000011,Tandoori Magic Pre Starter Crumble  50kg,FPBF01,60000559
60000560,10,ZF2,11/15/2024,100,34000018A,COMFEED P Broiler Pre-Starter CRB50 CT,FPBF01,60000560
60000561,10,ZF2,10/12/2024,5000,34000011,Tandoori Magic Pre Starter Crumble  50kg,FPBF01,60000561
60000561,20,ZF2,10/12/2024,20000,34000011,Tandoori Magic Pre Starter Crumble  50kg,FPBF01,60000561
60000562,10,ZF2,10/12/2024,2900,34000007,COMFEED P Broiler Pre-Starter CRB50,FPBF01,60000562
60000563,10,ZF2,11/30/2024,12000,34000007,COMFEED P Broiler Pre-Starter CRB50,FPBF01,60000563
60000564,10,ZF2,11/30/2024,10500,34000007A,COMFEED P Broiler Pre-Starter CRB50,FPBF01,60000564
60000564,20,ZF2,11/30/2024,11500,34000007B,COMFEED P Broiler Pre-Starter CRB50,FPBF01,60000564
60000565,10,ZF2,12/12/2024,1000,34000008,COMFEED P Broiler Starter CRB50,FPBF01,60000565
60000566,10,ZF2,12/12/2024,100,34000029,BENEFEED C Broiler Counter Pellet 50Kg,FPBF01,60000566
60000567,10,ZF2,12/12/2024,1000,34000008,COMFEED P Broiler Starter CRB50,FPBF01,60000567
60000568,10,ZF2,12/13/2024,5000,34000011,Tandoori Magic Pre Starter Crumble  50kg,FPBF01,60000568
60000569,10,ZF2,12/13/2024,5000,34000011,Tandoori Magic Pre Starter Crumble  50kg,FPBF01,60000569
60000570,10,ZF2,12/13/2024,5000,34000011,Tandoori Magic Pre Starter Crumble  50kg,FPBF01,60000570
60000571,10,ZF2,12/24/2024,150,34000018A,COMFEED P Broiler Pre-Starter CRB50 CT,FPBF01,60000571
60000572,10,ZF2,12/30/2024,50,34000029,BENEFEED C Broiler Counter Pellet 50Kg,FPBF01,60000572
60000573,10,ZF2,01/01/2025,500,34000003,COMFEED C Broiler Pre-Starter CRB50,FPBF01,60000573
60000574,10,ZF2,01/01/2025,500,34000003,COMFEED C Broiler Pre-Starter CRB50,FPBF01,60000574
60000575,10,ZF2,03/01/2025,750,34000009,COMFEED P Broiler Finsher Pellet50,FPBF01,60000575
60000576,10,ZF2,03/01/2025,750,34000009,COMFEED P Broiler Finsher Pellet50,FPBF01,60000576
60000577,10,ZF2,03/01/2025,50,34000007,COMFEED P Broiler Pre-Starter CRB50,FPBF01,60000577
60000577,20,ZF2,03/01/2025,50,34000008,COMFEED P Broiler Starter CRB50,FPBF01,60000577
60000578,10,ZF2,03/01/2025,750,34000009,COMFEED P Broiler Finsher Pellet50,FPBF01,60000578
60000579,10,ZF2,03/01/2025,1000,34000009,COMFEED P Broiler Finsher Pellet50,FPBF01,60000579
60000580,10,ZF2,03/01/2025,600,34000025A,ULTRAFEED P Broiler Pre-Starter CRB50,FPBF01,60000580
60000580,20,ZF2,03/01/2025,500,34000027B,ULTRAFEED P Broiler Finsher CRB50,FPBF01,60000580
60000580,30,ZF2,03/01/2025,1250,34000009,COMFEED P Broiler Finsher Pellet50,FPBF01,60000580
60000581,10,ZF2,03/01/2025,500,34000008,COMFEED P Broiler Starter CRB50,FPBF01,60000581
60000582,10,ZF2,06/01/2025,600,34000009,COMFEED P Broiler Finsher Pellet50,FPBF01,60000582
60000582,20,ZF2,06/01/2025,450,34000055,ULTRAFEED P Brlr Brdr Layer Ph3 Pellet50,FPBF03,60000582
60000582,30,ZF2,06/01/2025,450,34000120,BENEFEED C Cockerel Grower CRB50,FPBF04,60000582
60000582,40,ZF2,06/01/2025,450,34000124,BENEFEED C Deshi Parent Layer CRB50,FPDF02,60000582
60000582,50,ZF2,06/01/2025,600,33000010A,ULTRAFEED P Broiler Finsher Pellet50 CT,FPBF01,60000582
60000583,10,ZF2,12/25/2024,400,34000009,COMFEED P Broiler Finsher Pellet50,FPBF01,60000583
60000584,10,ZF2,11/25/2024,1000,34000009,COMFEED P Broiler Finsher Pellet50,FPBF01,60000584
60000585,10,ZF2,06/01/2025,750,34000009,COMFEED P Broiler Finsher Pellet50,FPBF01,60000585
60000586,10,ZF2,07/01/2024,250,33000010A,ULTRAFEED P Broiler Finsher Pellet50 CT,FPBF01,60000586
60000587,10,ZF2,07/01/2024,250,33000010A,ULTRAFEED P Broiler Finsher Pellet50 CT,FPBF01,60000587
60000587,20,ZF2,07/01/2024,200,34000124,BENEFEED C Deshi Parent Layer CRB50,FPDF02,60000587
60000588,10,ZF2,03/01/2025,600,33000010A,ULTRAFEED P Broiler Finsher Pellet50 CT,FPBF01,60000588
60000589,10,ZF2,06/01/2025,800,34000009,COMFEED P Broiler Finsher Pellet50,FPBF01,60000589
60000589,20,ZF2,06/01/2025,200,33000010A,ULTRAFEED P Broiler Finsher Pellet50 CT,FPBF01,60000589
60000590,10,ZF2,06/01/2025,800,34000025B,ULTRAFEED P Broiler Pre-Starter CRB50,FPBF01,60000590
60000591,10,ZF2,03/01/2025,250,34000025B,ULTRAFEED P Broiler Pre-Starter CRB50,FPBF01,60000591
60000591,20,ZF2,03/01/2025,250,34000009,COMFEED P Broiler Finsher Pellet50,FPBF01,60000591
60000592,10,ZF2,08/01/2025,250,34000009,COMFEED P Broiler Finsher Pellet50,FPBF01,60000592
60000592,20,ZF2,08/01/2025,250,34000025B,ULTRAFEED P Broiler Pre-Starter CRB50,FPBF01,60000592
60000593,10,ZF2,06/01/2025,500,34000008,COMFEED P Broiler Starter CRB50,FPBF01,60000593
60000595,10,ZF2,06/01/2025,500,34000009,COMFEED P Broiler Finsher Pellet50,FPBF01,60000595
60000596,10,ZF2,06/01/2025,250,34000009,COMFEED P Broiler Finsher Pellet50,FPBF01,60000596
60000597,10,ZF2,07/01/2025,500,34000009,COMFEED P Broiler Finsher Pellet50,FPBF01,60000597
60000598,10,ZF2,12/29/2024,200,34000025B,ULTRAFEED P Broiler Pre-Starter CRB50,FPBF01,60000598
60000599,10,ZF2,01/01/2025,5000,34000008,COMFEED P Broiler Starter CRB50,FPBF01,60000599
60000600,10,ZF2,12/15/2024,5000,34000008,COMFEED P Broiler Starter CRB50,FPBF01,60000600
60000601,10,ZF2,12/25/2024,5000,34000009,COMFEED P Broiler Finsher Pellet50,FPBF01,60000601
60000601,20,ZF2,12/25/2024,5000,34000010,COMFEED P Broiler Finsher CRB50,FPBF01,60000601
60000602,10,ZF2,12/20/2024,10000,34000010,COMFEED P Broiler Finsher CRB50,FPBF01,60000602
60000603,10,ZF2,1/13/2025,25,34000010,COMFEED P Broiler Finsher CRB50,FPBF01,60000603
60000603,11,ZF2,1/13/2025,225,34000010,COMFEED P Broiler Finsher CRB50,FPBF01,60000603
60000604,10,ZF2,1/13/2025,250,34000010,COMFEED P Broiler Finsher CRB50,FPBF01,60000604
60000605,10,ZF2,1/13/2025,2500,34000010,COMFEED P Broiler Finsher CRB50,FPBF01,60000605
60000606,10,ZF2,1/13/2025,300,34000029,BENEFEED C Broiler Counter Pellet 50Kg,FPBF01,60000606
60000607,10,ZF2,1/14/2025,100,34000010,COMFEED P Broiler Finsher CRB50,FPBF01,60000607
60000608,10,ZF2,03/01/2025,100,34000010,COMFEED P Broiler Finsher CRB50,FPBF01,60000608
60000609,10,ZF2,1/14/2025,150,34000010,COMFEED P Broiler Finsher CRB50,FPBF01,60000609
60000610,10,ZF2,1/15/2025,150,34000010,COMFEED P Broiler Finsher CRB50,FPBF01,60000610
60000611,10,ZF2,1/15/2025,250,34000010,COMFEED P Broiler Finsher CRB50,FPBF01,60000611
60000612,10,ZF2,1/22/2025,250,34000010,COMFEED P Broiler Finsher CRB50,FPBF01,60000612
60000613,10,ZF2,1/24/2025,1100,34000010,COMFEED P Broiler Finsher CRB50,FPBF01,60000613
60000614,10,ZF2,1/24/2025,500,34000010,COMFEED P Broiler Finsher CRB50,FPBF01,60000614
60000615,10,ZF2,1/24/2025,100,34000010,COMFEED P Broiler Finsher CRB50,FPBF01,60000615
60000616,10,ZF2,01/02/2025,25,34000022,BENEFEED C Broiler Counter CRB25,FPBF01,60000616
60000617,10,ZF2,1/31/2025,500,34000010,COMFEED P Broiler Finsher CRB50,FPBF01,60000617
60000623,10,ZF2,06/02/2025,500,34000009,COMFEED P Broiler Finsher Pellet50,FPBF01,60000623
60000623,20,ZF2,06/02/2025,225,34000022,BENEFEED C Broiler Counter CRB25,FPBF01,60000623
60000624,10,ZF2,10/02/2025,10000,34000117,BENEFEED C Deshi Starter CRB50,FPDF01,60000624
60000624,20,ZF2,10/02/2025,10000,34000118,BENEFEED C Deshi Finsher CRB50,FPDF01,60000624
60000625,10,ZF2,11/02/2025,500,34000010,COMFEED P Broiler Finsher CRB50,FPBF01,60000625
60000626,10,ZF2,11/02/2025,500,34000118,BENEFEED C Deshi Finsher CRB50,FPDF01,60000626
60000627,10,ZF2,11/02/2025,500,34000010,COMFEED P Broiler Finsher CRB50,FPBF01,60000627
60000628,10,ZF2,11/02/2025,450,34000010,COMFEED P Broiler Finsher CRB50,FPBF01,60000628
60000629,10,ZF2,11/02/2025,100,34000010,COMFEED P Broiler Finsher CRB50,FPBF01,60000629
60000630,10,ZF2,12/02/2025,100,34000010,COMFEED P Broiler Finsher CRB50,FPBF01,60000630
60000631,10,ZF2,12/02/2025,100,34000010,COMFEED P Broiler Finsher CRB50,FPBF01,60000631
60000632,10,ZF2,12/02/2025,100,34000010,COMFEED P Broiler Finsher CRB50,FPBF01,60000632
60000633,10,ZF2,12/02/2025,100,34000010,COMFEED P Broiler Finsher CRB50,FPBF01,60000633
60000634,10,ZF2,12/02/2025,100,34000010,COMFEED P Broiler Finsher CRB50,FPBF01,60000634
60000635,10,ZF2,12/02/2025,100,34000010,COMFEED P Broiler Finsher CRB50,FPBF01,60000635
60000641,10,ZF2,2/19/2025,625,34000009,COMFEED P Broiler Finsher Pellet50,FPBF01,60000641
60000642,10,ZF2,2/19/2025,50,34000010,COMFEED P Broiler Finsher CRB50,FPBF01,60000642
60000643,10,ZF2,2/20/2025,200,34000010,COMFEED P Broiler Finsher CRB50,FPBF01,60000643
60000644,10,ZF2,2/24/2025,250,34000009,COMFEED P Broiler Finsher Pellet50,FPBF01,60000644
60000645,10,ZF2,2/25/2025,25,34000009,COMFEED P Broiler Finsher Pellet50,FPBF01,60000645
60000645,20,ZF2,2/25/2025,50,34000010,COMFEED P Broiler Finsher CRB50,FPBF01,60000645
60000647,10,ZF2,2/25/2025,450,34000009,COMFEED P Broiler Finsher Pellet50,FPBF01,60000647
60000648,10,ZF2,2/25/2025,250,34000009,COMFEED P Broiler Finsher Pellet50,FPBF01,60000648
60000649,10,ZF2,2/26/2025,500,34000116,BENEFEED C Deshi Finsher Pellet50,FPDF01,60000649
60000650,10,ZF2,2/26/2025,500,34000009,COMFEED P Broiler Finsher Pellet50,FPBF01,60000650
60000650,20,ZF2,2/26/2025,2050,34000010,COMFEED P Broiler Finsher CRB50,FPBF01,60000650
60000651,10,ZF2,1/30/2025,500,34000009,COMFEED P Broiler Finsher Pellet50,FPBF01,60000651
60000652,10,ZF2,2/26/2025,250,34000009,COMFEED P Broiler Finsher Pellet50,FPBF01,60000652
60000653,10,ZF2,2/26/2025,8000,34000010,COMFEED P Broiler Finsher CRB50,FPBF01,60000653
60000653,20,ZF2,2/26/2025,250,34000011,Tandoori Magic Pre Starter Crumble  50kg,FPBF01,60000653
60000653,30,ZF2,2/26/2025,500,34000116,BENEFEED C Deshi Finsher Pellet50,FPDF01,60000653
60000654,10,ZF2,2/26/2025,500,34000010,COMFEED P Broiler Finsher CRB50,FPBF01,60000654
60000655,10,ZF2,2/27/2025,1500,34000010,COMFEED P Broiler Finsher CRB50,FPBF01,60000655
60000655,20,ZF2,2/27/2025,500,34000116,BENEFEED C Deshi Finsher Pellet50,FPDF01,60000655
60000656,10,ZF2,2/27/2025,500,34000010,COMFEED P Broiler Finsher CRB50,FPBF01,60000656
60000656,20,ZF2,2/27/2025,500,34000116,BENEFEED C Deshi Finsher Pellet50,FPDF01,60000656
60000657,10,ZF2,1/30/2025,500,34000010,COMFEED P Broiler Finsher CRB50,FPBF01,60000657
60000658,10,ZF2,2/27/2025,500,34000010,COMFEED P Broiler Finsher CRB50,FPBF01,60000658
60000659,10,ZF2,1/31/2025,1500,34000010,COMFEED P Broiler Finsher CRB50,FPBF01,60000659
60000660,10,ZF2,03/03/2025,250,34000010,COMFEED P Broiler Finsher CRB50,FPBF01,60000660
60000661,10,ZF2,04/03/2025,250,34000010,COMFEED P Broiler Finsher CRB50,FPBF01,60000661
60000662,10,ZF2,05/03/2025,5000,34000008,COMFEED P Broiler Starter CRB50,FPBF01,60000662
60000662,20,ZF2,05/03/2025,500,34000010,COMFEED P Broiler Finsher CRB50,FPBF01,60000662
60000662,30,ZF2,05/03/2025,250,34000009,COMFEED P Broiler Finsher Pellet50,FPBF01,60000662
60000663,10,ZF2,06/03/2025,600,34000010,COMFEED P Broiler Finsher CRB50,FPBF01,60000663
60000664,10,ZF2,10/03/2025,50,34000008,COMFEED P Broiler Starter CRB50,FPBF01,60000664
60000665,10,ZF2,10/03/2025,800,34000010,COMFEED P Broiler Finsher CRB50,FPBF01,60000665
60000666,10,ZF2,10/03/2025,500,34000010,COMFEED P Broiler Finsher CRB50,FPBF01,60000666
60000667,10,ZF2,11/03/2025,550,34000010,COMFEED P Broiler Finsher CRB50,FPBF01,60000667
60000668,10,ZF2,3/13/2025,50,34000006,COMFEED C Broiler Finsher CRB50,FPBF01,60000668
60000703,10,ZF2,3/17/2025,50,34000142,STP SF ADULT FISH 26/5 PELLET50kg,FPFF01,60000703
60000704,10,ZF2,3/19/2025,250,34000009,COMFEED P Broiler Finsher Pellet50,FPBF01,60000704
60000719,10,ZF2,3/19/2025,100000,34000001C,COMFEED C Broiler Starter CRB50 CT,FPBF01,60000719
60000720,10,ZF2,3/21/2025,50,34000010,COMFEED P Broiler Finsher CRB50,FPBF01,60000720
60000721,10,ZF2,3/24/2025,25000,34000008,COMFEED P Broiler Starter CRB50,FPBF01,60000721
60000721,20,ZF2,3/24/2025,58150,34000093,BENEFEED P Layer Layer Ph1 CRB50,FPLF01,60000721
60000721,40,ZF2,3/24/2025,15000,34000007,COMFEED P Broiler Pre-Starter CRB50,FPBF01,60000721
60000721,50,ZF2,3/24/2025,25000,34000009,COMFEED P Broiler Finsher Pellet50,FPBF01,60000721
60000722,10,ZF2,3/25/2025,1500,34000010,COMFEED P Broiler Finsher CRB50,FPBF01,60000722
60000723,10,ZF2,3/26/2025,1000,34000022,BENEFEED C Broiler Counter CRB25,FPBF01,60000723
60000724,10,ZF2,3/27/2025,2500,34000010,COMFEED P Broiler Finsher CRB50,FPBF01,60000724
60000725,10,ZF2,3/27/2025,150,34000010,COMFEED P Broiler Finsher CRB50,FPBF01,60000725
60000726,10,ZF2,3/27/2025,3500,34000010,COMFEED P Broiler Finsher CRB50,FPBF01,60000726
60000738,10,ZF2,02/04/2025,50,34000010,COMFEED P Broiler Finsher CRB50,FPBF01,60000738
60000738,20,ZF2,02/04/2025,25,34000009,COMFEED P Broiler Finsher Pellet50,FPBF01,60000738
60000739,10,ZF2,02/04/2025,250,34000009,COMFEED P Broiler Finsher Pellet50,FPBF01,60000739
60000739,20,ZF2,02/04/2025,500,34000010,COMFEED P Broiler Finsher CRB50,FPBF01,60000739
60000740,10,ZF2,02/04/2025,25,34000009,COMFEED P Broiler Finsher Pellet50,FPBF01,60000740
60000740,20,ZF2,02/04/2025,50,34000010,COMFEED P Broiler Finsher CRB50,FPBF01,60000740
60000741,10,ZF2,02/04/2025,25,34000009,COMFEED P Broiler Finsher Pellet50,FPBF01,60000741
60000741,20,ZF2,02/04/2025,50,34000010,COMFEED P Broiler Finsher CRB50,FPBF01,60000741
60000742,10,ZF2,02/04/2025,500,34000010,COMFEED P Broiler Finsher CRB50,FPBF01,60000742
60000742,20,ZF2,02/04/2025,250,34000009,COMFEED P Broiler Finsher Pellet50,FPBF01,60000742
60000743,10,ZF2,02/04/2025,500,34000010,COMFEED P Broiler Finsher CRB50,FPBF01,60000743
60000743,20,ZF2,02/04/2025,250,34000009,COMFEED P Broiler Finsher Pellet50,FPBF01,60000743
60000744,10,ZF2,02/04/2025,250,34000009,COMFEED P Broiler Finsher Pellet50,FPBF01,60000744
60000744,20,ZF2,02/04/2025,500,34000010,COMFEED P Broiler Finsher CRB50,FPBF01,60000744
60000745,10,ZF2,02/04/2025,500,34000010,COMFEED P Broiler Finsher CRB50,FPBF01,60000745
60000745,40,ZF2,02/04/2025,500,34000118,BENEFEED C Deshi Finsher CRB50,FPDF01,60000745
60000745,60,ZF2,02/04/2025,500,34000010,COMFEED P Broiler Finsher CRB50,FPBF01,60000745
60000745,70,ZF2,02/04/2025,250,34000009,COMFEED P Broiler Finsher Pellet50,FPBF01,60000745
60000745,90,ZF2,02/04/2025,500,34000118,BENEFEED C Deshi Finsher CRB50,FPDF01,60000745
60000745,100,ZF2,02/04/2025,250,34000009,COMFEED P Broiler Finsher Pellet50,FPBF01,60000745
60000745,110,ZF2,02/04/2025,500,34000010,COMFEED P Broiler Finsher CRB50,FPBF01,60000745
60000745,120,ZF2,02/04/2025,500,34000010,COMFEED P Broiler Finsher CRB50,FPBF01,60000745
60000746,10,ZF2,02/04/2025,50,34000010,COMFEED P Broiler Finsher CRB50,FPBF01,60000746
60000746,20,ZF2,02/04/2025,25,34000009,COMFEED P Broiler Finsher Pellet50,FPBF01,60000746
60000746,30,ZF2,02/04/2025,50,34000118,BENEFEED C Deshi Finsher CRB50,FPDF01,60000746
60000746,40,ZF2,02/04/2025,25,34000009,COMFEED P Broiler Finsher Pellet50,FPBF01,60000746
60000746,50,ZF2,02/04/2025,50,34000010,COMFEED P Broiler Finsher CRB50,FPBF01,60000746
60000746,60,ZF2,02/04/2025,50,34000118,BENEFEED C Deshi Finsher CRB50,FPDF01,60000746
60000746,70,ZF2,02/04/2025,50,34000118,BENEFEED C Deshi Finsher CRB50,FPDF01,60000746
60000746,80,ZF2,02/04/2025,25,34000009,COMFEED P Broiler Finsher Pellet50,FPBF01,60000746
60000746,90,ZF2,02/04/2025,50,34000010,COMFEED P Broiler Finsher CRB50,FPBF01,60000746
60000746,100,ZF2,02/04/2025,50,34000010,COMFEED P Broiler Finsher CRB50,FPBF01,60000746
60000746,110,ZF2,02/04/2025,25,34000009,COMFEED P Broiler Finsher Pellet50,FPBF01,60000746
60000746,120,ZF2,02/04/2025,25,34000009,COMFEED P Broiler Finsher Pellet50,FPBF01,60000746
60000746,130,ZF2,02/04/2025,25,34000009,COMFEED P Broiler Finsher Pellet50,FPBF01,60000746
60000746,140,ZF2,02/04/2025,50,34000118,BENEFEED C Deshi Finsher CRB50,FPDF01,60000746
60000746,150,ZF2,02/04/2025,50,34000010,COMFEED P Broiler Finsher CRB50,FPBF01,60000746
60000746,160,ZF2,02/04/2025,25,34000009,COMFEED P Broiler Finsher Pellet50,FPBF01,60000746
60000746,170,ZF2,02/04/2025,50,34000118,BENEFEED C Deshi Finsher CRB50,FPDF01,60000746
60000746,180,ZF2,02/04/2025,50,34000010,COMFEED P Broiler Finsher CRB50,FPBF01,60000746
60000746,190,ZF2,02/04/2025,25,34000009,COMFEED P Broiler Finsher Pellet50,FPBF01,60000746
60000746,200,ZF2,02/04/2025,50,34000010,COMFEED P Broiler Finsher CRB50,FPBF01,60000746
60000747,10,ZF2,02/04/2025,250,34000009,COMFEED P Broiler Finsher Pellet50,FPBF01,60000747
60000747,20,ZF2,02/04/2025,500,34000010,COMFEED P Broiler Finsher CRB50,FPBF01,60000747
60000748,10,ZF2,02/04/2025,250,34000009,COMFEED P Broiler Finsher Pellet50,FPBF01,60000748
60000748,20,ZF2,02/04/2025,250,34000009,COMFEED P Broiler Finsher Pellet50,FPBF01,60000748
60000748,30,ZF2,02/04/2025,500,34000010,COMFEED P Broiler Finsher CRB50,FPBF01,60000748
60000749,10,ZF2,02/04/2025,500,34000010,COMFEED P Broiler Finsher CRB50,FPBF01,60000749
60000749,20,ZF2,02/04/2025,225,34000009,COMFEED P Broiler Finsher Pellet50,FPBF01,60000749
60000749,30,ZF2,02/04/2025,400,34000118,BENEFEED C Deshi Finsher CRB50,FPDF01,60000749
60000750,10,ZF2,02/04/2025,400,34000118,BENEFEED C Deshi Finsher CRB50,FPDF01,60000750
60000750,20,ZF2,02/04/2025,225,34000009,COMFEED P Broiler Finsher Pellet50,FPBF01,60000750
60000750,30,ZF2,02/04/2025,500,34000010,COMFEED P Broiler Finsher CRB50,FPBF01,60000750
60000751,10,ZF2,02/04/2025,500,34000010,COMFEED P Broiler Finsher CRB50,FPBF01,60000751
60000751,20,ZF2,02/04/2025,250,34000009,COMFEED P Broiler Finsher Pellet50,FPBF01,60000751
60000751,30,ZF2,02/04/2025,500,34000118,BENEFEED C Deshi Finsher CRB50,FPDF01,60000751
60000752,10,ZF2,02/04/2025,200,34000009,COMFEED P Broiler Finsher Pellet50,FPBF01,60000752
60000752,20,ZF2,02/04/2025,1250,34000008,COMFEED P Broiler Starter CRB50,FPBF01,60000752
60000753,10,ZF2,02/04/2025,300,34000009,COMFEED P Broiler Finsher Pellet50,FPBF01,60000753
60000754,10,ZF2,02/04/2025,1000,34000008,COMFEED P Broiler Starter CRB50,FPBF01,60000754
60000755,10,ZF2,02/04/2025,200,34000009,COMFEED P Broiler Finsher Pellet50,FPBF01,60000755
60000756,10,ZF2,02/04/2025,450,34000009,COMFEED P Broiler Finsher Pellet50,FPBF01,60000756
60000757,10,ZF2,02/04/2025,375,34000009,COMFEED P Broiler Finsher Pellet50,FPBF01,60000757
60000758,10,ZF2,02/04/2025,250,34000009,COMFEED P Broiler Finsher Pellet50,FPBF01,60000758
60000758,20,ZF2,02/04/2025,1000,34000010,COMFEED P Broiler Finsher CRB50,FPBF01,60000758
60000759,10,ZF2,02/04/2025,25,34000009,COMFEED P Broiler Finsher Pellet50,FPBF01,60000759
60000760,10,ZF2,02/04/2025,250,34000009,COMFEED P Broiler Finsher Pellet50,FPBF01,60000760
60000761,10,ZF2,02/04/2025,1625,34000009,COMFEED P Broiler Finsher Pellet50,FPBF01,60000761
60000762,10,ZF2,08/04/2025,1250,34000009,COMFEED P Broiler Finsher Pellet50,FPBF01,60000762
60000762,20,ZF2,08/04/2025,2000,34000010,COMFEED P Broiler Finsher CRB50,FPBF01,60000762
60000763,10,ZF2,08/04/2025,250,34000009,COMFEED P Broiler Finsher Pellet50,FPBF01,60000763
60000764,10,ZF2,08/04/2025,1000,34000009,COMFEED P Broiler Finsher Pellet50,FPBF01,60000764
60000764,20,ZF2,08/04/2025,3000,34000010,COMFEED P Broiler Finsher CRB50,FPBF01,60000764
60000765,10,ZF2,08/04/2025,1250,34000009,COMFEED P Broiler Finsher Pellet50,FPBF01,60000765
60000765,20,ZF2,08/04/2025,2000,34000010,COMFEED P Broiler Finsher CRB50,FPBF01,60000765
60000766,10,ZF2,08/04/2025,25,34000009,COMFEED P Broiler Finsher Pellet50,FPBF01,60000766
60000766,20,ZF2,08/04/2025,50,34000010,COMFEED P Broiler Finsher CRB50,FPBF01,60000766
60000767,10,ZF2,08/04/2025,500,34000009,COMFEED P Broiler Finsher Pellet50,FPBF01,60000767
60000767,20,ZF2,08/04/2025,1000,34000010,COMFEED P Broiler Finsher CRB50,FPBF01,60000767
60000768,10,ZF2,08/04/2025,375,34000009,COMFEED P Broiler Finsher Pellet50,FPBF01,60000768
60000768,20,ZF2,08/04/2025,750,34000010,COMFEED P Broiler Finsher CRB50,FPBF01,60000768
60000769,10,ZF2,4/21/2025,50,34000010,COMFEED P Broiler Finsher CRB50,FPBF01,60000769
60000770,10,ZF2,4/21/2025,50,34000010,COMFEED P Broiler Finsher CRB50,FPBF01,60000770
60000771,10,ZF2,4/21/2025,50,34000010,COMFEED P Broiler Finsher CRB50,FPBF01,60000771
60000772,10,ZF2,4/21/2025,100,34000010,COMFEED P Broiler Finsher CRB50,FPBF01,60000772
60000772,20,ZF2,4/21/2025,50,34000009,COMFEED P Broiler Finsher Pellet50,FPBF01,60000772
60000773,10,ZF2,4/21/2025,100,34000118,BENEFEED C Deshi Finsher CRB50,FPDF01,60000773
60000773,20,ZF2,4/21/2025,75,34000009,COMFEED P Broiler Finsher Pellet50,FPBF01,60000773
60000774,10,ZF2,4/21/2025,275,34000009,COMFEED P Broiler Finsher Pellet50,FPBF01,60000774
60000774,20,ZF2,4/21/2025,550,34000118,BENEFEED C Deshi Finsher CRB50,FPDF01,60000774
60000775,10,ZF2,4/22/2025,100,34000001,COMFEED C Broiler Starter CRB50 CT,FPBF01,60000775
60000776,10,ZF2,4/22/2025,150,34000147,STP SF ADULT FISH 16/3 PELLET50kg,FPFF01,60000776
60000776,20,ZF2,4/22/2025,200,34000001,COMFEED C Broiler Starter CRB50 CT,FPBF01,60000776
60000777,10,ZF2,4/22/2025,100,34000010,COMFEED P Broiler Finsher CRB50,FPBF01,60000777
60000777,20,ZF2,4/22/2025,100,34000009,COMFEED P Broiler Finsher Pellet50,FPBF01,60000777
60000778,10,ZF2,4/23/2025,550,34000131,ULTRAFEED S CALF GROWER PELLET 50 KG,FPCF01,60000778
60000779,10,ZF2,4/23/2025,1150,34000131,ULTRAFEED S CALF GROWER PELLET 50 KG,FPCF01,60000779
60000780,10,ZF2,4/24/2025,22,34000195,WHEEL,RWMT01,60000780
60000781,10,ZF2,4/24/2025,550,34000009,COMFEED P Broiler Finsher Pellet50,FPBF01,60000781
60000781,20,ZF2,4/24/2025,1050,34000010,COMFEED P Broiler Finsher CRB50,FPBF01,60000781
60000782,10,ZF2,4/24/2025,550,34000006,COMFEED C Broiler Finsher CRB50,FPBF01,60000782
60000782,20,ZF2,4/24/2025,650,34000005,COMFEED C Broiler Finsher Pellet50,FPBF01,60000782
60000783,10,ZF2,4/24/2025,250,34000009,COMFEED P Broiler Finsher Pellet50,FPBF01,60000783
60000784,10,ZF2,4/25/2025,25,34000009,COMFEED P Broiler Finsher Pellet50,FPBF01,60000784
60000785,10,ZF2,4/25/2025,25,34000009,COMFEED P Broiler Finsher Pellet50,FPBF01,60000785
60000786,10,ZF2,4/25/2025,50,34000010,COMFEED P Broiler Finsher CRB50,FPBF01,60000786
60000786,20,ZF2,4/25/2025,25,34000009,COMFEED P Broiler Finsher Pellet50,FPBF01,60000786
60000787,10,ZF2,4/25/2025,50,34000010,COMFEED P Broiler Finsher CRB50,FPBF01,60000787
60000787,20,ZF2,4/25/2025,25,34000009,COMFEED P Broiler Finsher Pellet50,FPBF01,60000787
60000788,10,ZF2,4/25/2025,50,34000010,COMFEED P Broiler Finsher CRB50,FPBF01,60000788
60000788,20,ZF2,4/25/2025,25,34000009,COMFEED P Broiler Finsher Pellet50,FPBF01,60000788
60000789,10,ZF2,4/25/2025,50,34000010,COMFEED P Broiler Finsher CRB50,FPBF01,60000789
60000789,20,ZF2,4/25/2025,25,34000009,COMFEED P Broiler Finsher Pellet50,FPBF01,60000789
60000790,10,ZF2,4/25/2025,50,34000010,COMFEED P Broiler Finsher CRB50,FPBF01,60000790
60000790,20,ZF2,4/25/2025,25,34000009,COMFEED P Broiler Finsher Pellet50,FPBF01,60000790
60000791,10,ZF2,4/25/2025,25,34000009,COMFEED P Broiler Finsher Pellet50,FPBF01,60000791
60000791,20,ZF2,4/25/2025,50,34000010,COMFEED P Broiler Finsher CRB50,FPBF01,60000791
60000792,10,ZF2,4/25/2025,50,34000010,COMFEED P Broiler Finsher CRB50,FPBF01,60000792
60000792,20,ZF2,4/25/2025,25,34000009,COMFEED P Broiler Finsher Pellet50,FPBF01,60000792
60000793,10,ZF2,4/25/2025,25,34000009,COMFEED P Broiler Finsher Pellet50,FPBF01,60000793
60000793,20,ZF2,4/25/2025,50,34000010,COMFEED P Broiler Finsher CRB50,FPBF01,60000793
60000794,10,ZF2,4/25/2025,25,34000009,COMFEED P Broiler Finsher Pellet50,FPBF01,60000794
60000794,20,ZF2,4/25/2025,50,34000010,COMFEED P Broiler Finsher CRB50,FPBF01,60000794
60000795,10,ZF2,4/25/2025,25,34000009,COMFEED P Broiler Finsher Pellet50,FPBF01,60000795
60000795,20,ZF2,4/25/2025,50,34000010,COMFEED P Broiler Finsher CRB50,FPBF01,60000795
60000796,10,ZF2,4/25/2025,25,34000009,COMFEED P Broiler Finsher Pellet50,FPBF01,60000796
60000796,20,ZF2,4/25/2025,50,34000010,COMFEED P Broiler Finsher CRB50,FPBF01,60000796
60000797,10,ZF2,4/25/2025,25,34000009,COMFEED P Broiler Finsher Pellet50,FPBF01,60000797
60000797,20,ZF2,4/25/2025,50,34000010,COMFEED P Broiler Finsher CRB50,FPBF01,60000797
60000798,10,ZF2,4/25/2025,25,34000009,COMFEED P Broiler Finsher Pellet50,FPBF01,60000798
60000798,20,ZF2,4/25/2025,50,34000010,COMFEED P Broiler Finsher CRB50,FPBF01,60000798
60000799,10,ZF2,4/25/2025,25,34000009,COMFEED P Broiler Finsher Pellet50,FPBF01,60000799
60000799,20,ZF2,4/25/2025,50,34000010,COMFEED P Broiler Finsher CRB50,FPBF01,60000799
60000800,10,ZF2,4/29/2025,50,34000010,COMFEED P Broiler Finsher CRB50,FPBF01,60000800
60000800,20,ZF2,4/29/2025,25,34000009,COMFEED P Broiler Finsher Pellet50,FPBF01,60000800
60000801,10,ZF2,4/29/2025,100,34000010,COMFEED P Broiler Finsher CRB50,FPBF01,60000801
60000801,20,ZF2,4/29/2025,50,34000009,COMFEED P Broiler Finsher Pellet50,FPBF01,60000801
60000802,10,ZF2,4/29/2025,50,34000010,COMFEED P Broiler Finsher CRB50,FPBF01,60000802
60000802,20,ZF2,4/29/2025,25,34000009,COMFEED P Broiler Finsher Pellet50,FPBF01,60000802
60000803,10,ZF2,4/29/2025,50,34000010,COMFEED P Broiler Finsher CRB50,FPBF01,60000803
60000803,20,ZF2,4/29/2025,25,34000009,COMFEED P Broiler Finsher Pellet50,FPBF01,60000803
60000804,10,ZF2,4/29/2025,100,34000010,COMFEED P Broiler Finsher CRB50,FPBF01,60000804
60000804,20,ZF2,4/29/2025,50,34000009,COMFEED P Broiler Finsher Pellet50,FPBF01,60000804
60000805,10,ZF2,4/29/2025,50,34000010,COMFEED P Broiler Finsher CRB50,FPBF01,60000805
60000805,20,ZF2,4/29/2025,25,34000009,COMFEED P Broiler Finsher Pellet50,FPBF01,60000805
60000806,10,ZF2,4/29/2025,100,34000010,COMFEED P Broiler Finsher CRB50,FPBF01,60000806
60000806,20,ZF2,4/29/2025,50,34000009,COMFEED P Broiler Finsher Pellet50,FPBF01,60000806
60000807,10,ZF2,4/29/2025,50,34000010,COMFEED P Broiler Finsher CRB50,FPBF01,60000807
60000807,20,ZF2,4/29/2025,25,34000009,COMFEED P Broiler Finsher Pellet50,FPBF01,60000807
60000808,10,ZF2,4/29/2025,50,34000010,COMFEED P Broiler Finsher CRB50,FPBF01,60000808
60000808,20,ZF2,4/29/2025,25,34000009,COMFEED P Broiler Finsher Pellet50,FPBF01,60000808
60000809,10,ZF2,4/29/2025,100,34000010,COMFEED P Broiler Finsher CRB50,FPBF01,60000809
60000809,20,ZF2,4/29/2025,50,34000009,COMFEED P Broiler Finsher Pellet50,FPBF01,60000809
60000810,10,ZF2,4/29/2025,100,34000010,COMFEED P Broiler Finsher CRB50,FPBF01,60000810
60000810,20,ZF2,4/29/2025,50,34000009,COMFEED P Broiler Finsher Pellet50,FPBF01,60000810
60000811,10,ZF2,4/29/2025,100,34000010,COMFEED P Broiler Finsher CRB50,FPBF01,60000811
60000811,20,ZF2,4/29/2025,50,34000009,COMFEED P Broiler Finsher Pellet50,FPBF01,60000811
60000812,10,ZF2,02/05/2025,30000,34000010,COMFEED P Broiler Finsher CRB50,FPBF01,60000812
60000812,20,ZF2,02/05/2025,15000,34000009,COMFEED P Broiler Finsher Pellet50,FPBF01,60000812
60000813,10,ZF2,05/05/2025,3000,34000009,COMFEED P Broiler Finsher Pellet50,FPBF01,60000813
60000813,20,ZF2,05/05/2025,6500,34000010,COMFEED P Broiler Finsher CRB50,FPBF01,60000813
60000814,10,ZF2,05/05/2025,5500,34000010,COMFEED P Broiler Finsher CRB50,FPBF01,60000814
60000814,20,ZF2,05/05/2025,3000,34000009,COMFEED P Broiler Finsher Pellet50,FPBF01,60000814
60000815,10,ZF2,06/05/2025,6000,34000010,COMFEED P Broiler Finsher CRB50,FPBF01,60000815
60000816,10,ZF2,06/05/2025,400,34000010,COMFEED P Broiler Finsher CRB50,FPBF01,60000816
60000817,10,ZF2,06/05/2025,350,34000010,COMFEED P Broiler Finsher CRB50,FPBF01,60000817
60000818,10,ZF2,06/05/2025,25,34000009,COMFEED P Broiler Finsher Pellet50,FPBF01,60000818
60000818,20,ZF2,06/05/2025,50,34000010,COMFEED P Broiler Finsher CRB50,FPBF01,60000818
60000819,10,ZF2,07/05/2025,250,34000009,COMFEED P Broiler Finsher Pellet50,FPBF01,60000819
60000820,10,ZF2,07/05/2025,250,34000142,STP SF ADULT FISH 26/5 PELLET50kg,FPFF01,60000820
60000821,10,ZF2,07/05/2025,500,34000001,COMFEED C Broiler Starter CRB50 CT,FPBF01,60000821
60000822,10,ZF2,07/05/2025,100,34000010,COMFEED P Broiler Finsher CRB50,FPBF01,60000822
60000823,10,ZF2,07/05/2025,1050,34000010,COMFEED P Broiler Finsher CRB50,FPBF01,60000823
60000824,10,ZF2,07/05/2025,2250,34000010,COMFEED P Broiler Finsher CRB50,FPBF01,60000824
60000826,10,ZF2,08/05/2025,50,34000010,COMFEED P Broiler Finsher CRB50,FPBF01,60000826
60000830,10,ZF2,5/13/2025,50,34000009,COMFEED P Broiler Finsher Pellet50,FPBF01,60000830
60000830,20,ZF2,5/13/2025,25,34000010,COMFEED P Broiler Finsher CRB50,FPBF01,60000830
60000831,10,ZF2,5/13/2025,400,34000010,COMFEED P Broiler Finsher CRB50,FPBF01,60000831
60000831,20,ZF2,5/13/2025,300,34000009,COMFEED P Broiler Finsher Pellet50,FPBF01,60000831
60000832,10,ZF2,5/13/2025,1150,34000010,COMFEED P Broiler Finsher CRB50,FPBF01,60000832
60000832,20,ZF2,5/13/2025,525,34000009,COMFEED P Broiler Finsher Pellet50,FPBF01,60000832
60000833,10,ZF2,5/14/2025,25,34000009,COMFEED P Broiler Finsher Pellet50,FPBF01,60000833
60000834,10,ZF2,5/14/2025,250,34000009,COMFEED P Broiler Finsher Pellet50,FPBF01,60000834
60000835,10,ZF2,5/14/2025,500,34000142,STP SF ADULT FISH 26/5 PELLET50kg,FPFF01,60000835
60000836,10,ZF2,5/16/2025,50,34000147,STP SF ADULT FISH 16/3 PELLET50kg,FPFF01,60000836
60000837,10,ZF2,5/19/2025,17500,34000009,COMFEED P Broiler Finsher Pellet50,FPBF01,60000837
60000837,20,ZF2,5/19/2025,30000,34000010,COMFEED P Broiler Finsher CRB50,FPBF01,60000837
60000838,10,ZF2,5/19/2025,1100,34000010,COMFEED P Broiler Finsher CRB50,FPBF01,60000838
60000839,10,ZF2,5/20/2025,1050,34000010,COMFEED P Broiler Finsher CRB50,FPBF01,60000839
60000839,20,ZF2,5/20/2025,275,34000009,COMFEED P Broiler Finsher Pellet50,FPBF01,60000839
60000840,10,ZF2,5/20/2025,1750,34000010,COMFEED P Broiler Finsher CRB50,FPBF01,60000840
60000840,20,ZF2,5/20/2025,700,34000009,COMFEED P Broiler Finsher Pellet50,FPBF01,60000840
60000841,10,ZF2,5/20/2025,550,34000010,COMFEED P Broiler Finsher CRB50,FPBF01,60000841
60000841,20,ZF2,5/20/2025,275,34000009,COMFEED P Broiler Finsher Pellet50,FPBF01,60000841
60000842,10,ZF2,5/20/2025,1050,34000010,COMFEED P Broiler Finsher CRB50,FPBF01,60000842
60000842,20,ZF2,5/20/2025,525,34000009,COMFEED P Broiler Finsher Pellet50,FPBF01,60000842
60000843,10,ZF2,5/20/2025,1250,34000010,COMFEED P Broiler Finsher CRB50,FPBF01,60000843
60000843,20,ZF2,5/20/2025,625,34000009,COMFEED P Broiler Finsher Pellet50,FPBF01,60000843
60000844,10,ZF2,5/20/2025,1250,34000010,COMFEED P Broiler Finsher CRB50,FPBF01,60000844
60000844,20,ZF2,5/20/2025,625,34000009,COMFEED P Broiler Finsher Pellet50,FPBF01,60000844
60000845,10,ZF2,5/20/2025,1250,34000010,COMFEED P Broiler Finsher CRB50,FPBF01,60000845
60000845,20,ZF2,5/20/2025,625,34000009,COMFEED P Broiler Finsher Pellet50,FPBF01,60000845
60000846,10,ZF2,5/20/2025,300,34000009,COMFEED P Broiler Finsher Pellet50,FPBF01,60000846
60000846,20,ZF2,5/20/2025,700,34000010,COMFEED P Broiler Finsher CRB50,FPBF01,60000846
60000847,10,ZF2,3/17/2025,1000,34000007,COMFEED P Broiler Pre-Starter CRB50,FPBF01,60000847
60000848,10,ZF2,5/21/2025,1100,34000010,COMFEED P Broiler Finsher CRB50,FPBF01,60000848
60000848,20,ZF2,5/21/2025,450,34000009,COMFEED P Broiler Finsher Pellet50,FPBF01,60000848
60000849,10,ZF2,5/21/2025,550,34000009,COMFEED P Broiler Finsher Pellet50,FPBF01,60000849
60000849,20,ZF2,5/21/2025,900,34000010,COMFEED P Broiler Finsher CRB50,FPBF01,60000849
60000850,10,ZF2,5/21/2025,1100,34000010,COMFEED P Broiler Finsher CRB50,FPBF01,60000850
60000850,20,ZF2,5/21/2025,450,34000009,COMFEED P Broiler Finsher Pellet50,FPBF01,60000850
60000851,10,ZF2,5/21/2025,2700,34000010,COMFEED P Broiler Finsher CRB50,FPBF01,60000851
60000851,20,ZF2,5/21/2025,1375,34000009,COMFEED P Broiler Finsher Pellet50,FPBF01,60000851
60000852,10,ZF2,5/21/2025,1300,34000010,COMFEED P Broiler Finsher CRB50,FPBF01,60000852
60000852,20,ZF2,5/21/2025,525,34000009,COMFEED P Broiler Finsher Pellet50,FPBF01,60000852
60000853,10,ZF2,5/21/2025,600,34000010,COMFEED P Broiler Finsher CRB50,FPBF01,60000853
60000853,20,ZF2,5/21/2025,150,34000009,COMFEED P Broiler Finsher Pellet50,FPBF01,60000853
60000854,10,ZF2,5/21/2025,1250,34000010,COMFEED P Broiler Finsher CRB50,FPBF01,60000854
60000854,20,ZF2,5/21/2025,550,34000009,COMFEED P Broiler Finsher Pellet50,FPBF01,60000854
60000855,10,ZF2,5/21/2025,1400,34000010,COMFEED P Broiler Finsher CRB50,FPBF01,60000855
60000855,20,ZF2,5/21/2025,750,34000009,COMFEED P Broiler Finsher Pellet50,FPBF01,60000855
60000856,10,ZF2,5/21/2025,175,34000009,COMFEED P Broiler Finsher Pellet50,FPBF01,60000856
60000857,10,ZF2,5/21/2025,2500,34000009,COMFEED P Broiler Finsher Pellet50,FPBF01,60000857
60000858,10,ZF2,5/21/2025,500,34000010,COMFEED P Broiler Finsher CRB50,FPBF01,60000858
60000859,10,ZF2,5/21/2025,1400,34000010,COMFEED P Broiler Finsher CRB50,FPBF01,60000859
60000860,10,ZF2,5/21/2025,1500,34000010,COMFEED P Broiler Finsher CRB50,FPBF01,60000860
60000861,10,ZF2,5/22/2025,1950,34000010,COMFEED P Broiler Finsher CRB50,FPBF01,60000861
60000861,20,ZF2,5/22/2025,700,34000009,COMFEED P Broiler Finsher Pellet50,FPBF01,60000861
60000862,10,ZF2,5/22/2025,1750,34000010,COMFEED P Broiler Finsher CRB50,FPBF01,60000862
60000862,20,ZF2,5/22/2025,750,34000009,COMFEED P Broiler Finsher Pellet50,FPBF01,60000862
60000863,10,ZF2,5/22/2025,3750,34000010,COMFEED P Broiler Finsher CRB50,FPBF01,60000863
60000864,10,ZF2,5/23/2025,1250,34000010,COMFEED P Broiler Finsher CRB50,FPBF01,60000864
60000864,20,ZF2,5/23/2025,625,34000009,COMFEED P Broiler Finsher Pellet50,FPBF01,60000864
60000865,10,ZF2,5/23/2025,50,34000076,COMFEED P Layer Starter CRB50,FPLF01,60000865
60000865,20,ZF2,5/23/2025,100,34000077,COMFEED P Layer Grower CRB50,FPLF01,60000865
60000865,40,ZF2,5/23/2025,200,34000010,COMFEED P Broiler Finsher CRB50,FPBF01,60000865
60000865,50,ZF2,5/23/2025,125,34000009,COMFEED P Broiler Finsher Pellet50,FPBF01,60000865
60000866,10,ZF2,5/23/2025,500,34000010,COMFEED P Broiler Finsher CRB50,FPBF01,60000866
60000867,10,ZF2,5/23/2025,500,34000010,COMFEED P Broiler Finsher CRB50,FPBF01,60000867
60000868,10,ZF2,5/23/2025,1000,34000010,COMFEED P Broiler Finsher CRB50,FPBF01,60000868
60000869,10,ZF2,5/26/2025,8000,34000010,COMFEED P Broiler Finsher CRB50,FPBF01,60000869
60000869,11,ZF2,5/26/2025,9000,34000010,COMFEED P Broiler Finsher CRB50,FPBF01,60000869
60000869,12,ZF2,5/26/2025,9000,34000010,COMFEED P Broiler Finsher CRB50,FPBF01,60000869
60000870,10,ZF2,5/26/2025,1675,34000130,ULTRAFEED S CALF STARTER PELLET 25 KG,FPCF01,60000870
60000870,20,ZF2,5/26/2025,3850,34000131,ULTRAFEED S CALF GROWER PELLET 50 KG,FPCF01,60000870
60000870,30,ZF2,5/26/2025,4400,34000132,ULTRAFEED S HEIFER FEED PELLET 50 KG,FPCF01,60000870
60000871,10,ZF2,5/26/2025,1675,34000130,ULTRAFEED S CALF STARTER PELLET 25 KG,FPCF01,60000871
60000871,20,ZF2,5/26/2025,3850,34000131,ULTRAFEED S CALF GROWER PELLET 50 KG,FPCF01,60000871
60000871,30,ZF2,5/26/2025,4400,34000132,ULTRAFEED S HEIFER FEED PELLET 50 KG,FPCF01,60000871
60000872,10,ZF2,5/26/2025,9000,34000010,COMFEED P Broiler Finsher CRB50,FPBF01,60000872
60000873,10,ZF2,5/26/2025,4000,34000010,COMFEED P Broiler Finsher CRB50,FPBF01,60000873
60000873,20,ZF2,5/26/2025,1750,34000009,COMFEED P Broiler Finsher Pellet50,FPBF01,60000873
60000874,10,ZF2,5/26/2025,10500,34000010,COMFEED P Broiler Finsher CRB50,FPBF01,60000874
60000875,10,ZF2,5/27/2025,9000,34000010,COMFEED P Broiler Finsher CRB50,FPBF01,60000875
60000875,20,ZF2,5/27/2025,5500,34000009,COMFEED P Broiler Finsher Pellet50,FPBF01,60000875
60000876,10,ZF2,5/28/2025,600,34000010,COMFEED P Broiler Finsher CRB50,FPBF01,60000876
60000877,10,ZF2,5/28/2025,250,34000009,COMFEED P Broiler Finsher Pellet50,FPBF01,60000877
60000878,10,ZF2,5/28/2025,250,34000009,COMFEED P Broiler Finsher Pellet50,FPBF01,60000878
60000879,10,ZF2,5/29/2025,6000,34000010,COMFEED P Broiler Finsher CRB50,FPBF01,60000879
60000879,20,ZF2,5/29/2025,1500,34000009,COMFEED P Broiler Finsher Pellet50,FPBF01,60000879
60000880,10,ZF2,5/29/2025,250,34000009,COMFEED P Broiler Finsher Pellet50,FPBF01,60000880
60000880,20,ZF2,5/29/2025,1000,34000010,COMFEED P Broiler Finsher CRB50,FPBF01,60000880
60000881,10,ZF2,5/29/2025,600,34000010,COMFEED P Broiler Finsher CRB50,FPBF01,60000881
60000881,20,ZF2,5/29/2025,300,34000009,COMFEED P Broiler Finsher Pellet50,FPBF01,60000881
60000882,10,ZF2,5/30/2025,25,34000009,COMFEED P Broiler Finsher Pellet50,FPBF01,60000882
60000882,20,ZF2,5/30/2025,50,34000010,COMFEED P Broiler Finsher CRB50,FPBF01,60000882
60000883,10,ZF2,5/30/2025,25,34000009,COMFEED P Broiler Finsher Pellet50,FPBF01,60000883
60000884,10,ZF2,5/30/2025,6000,34000010,COMFEED P Broiler Finsher CRB50,FPBF01,60000884
60000885,10,ZF2,5/30/2025,250,34000009,COMFEED P Broiler Finsher Pellet50,FPBF01,60000885
60000886,10,ZF2,5/30/2025,25,34000009,COMFEED P Broiler Finsher Pellet50,FPBF01,60000886
60000886,20,ZF2,5/30/2025,50,34000010,COMFEED P Broiler Finsher CRB50,FPBF01,60000886
60000887,10,ZF2,5/30/2025,25,34000009,COMFEED P Broiler Finsher Pellet50,FPBF01,60000887
60000887,20,ZF2,5/30/2025,50,34000010,COMFEED P Broiler Finsher CRB50,FPBF01,60000887
60000888,10,ZF2,5/30/2025,25,34000009,COMFEED P Broiler Finsher Pellet50,FPBF01,60000888
60000888,20,ZF2,5/30/2025,50,34000010,COMFEED P Broiler Finsher CRB50,FPBF01,60000888
60000889,10,ZF2,5/30/2025,25,34000009,COMFEED P Broiler Finsher Pellet50,FPBF01,60000889
60000889,20,ZF2,5/30/2025,50,34000010,COMFEED P Broiler Finsher CRB50,FPBF01,60000889
60000890,10,ZF2,5/31/2025,250,34000009,COMFEED P Broiler Finsher Pellet50,FPBF01,60000890
60000891,10,ZF2,02/06/2025,250,34000120,BENEFEED C Cockerel Grower CRB50,FPBF04,60000891
60000892,10,ZF2,5/30/2025,250,34000120,BENEFEED C Cockerel Grower CRB50,FPBF04,60000892
60000893,10,ZF2,02/06/2025,750,34000009,COMFEED P Broiler Finsher Pellet50,FPBF01,60000893
60000893,20,ZF2,02/06/2025,1500,34000010,COMFEED P Broiler Finsher CRB50,FPBF01,60000893
60000894,10,ZF2,02/06/2025,250,34000009,COMFEED P Broiler Finsher Pellet50,FPBF01,60000894
60000894,20,ZF2,02/06/2025,500,34000010,COMFEED P Broiler Finsher CRB50,FPBF01,60000894
60000898,10,ZF2,03/06/2025,250,34000009,COMFEED P Broiler Finsher Pellet50,FPBF01,60000898
60000898,20,ZF2,03/06/2025,500,34000010,COMFEED P Broiler Finsher CRB50,FPBF01,60000898
60000899,10,ZF2,04/06/2025,250,34000009,COMFEED P Broiler Finsher Pellet50,FPBF01,60000899
60000899,20,ZF2,04/06/2025,500,34000010,COMFEED P Broiler Finsher CRB50,FPBF01,60000899
60000900,10,ZF2,04/06/2025,125,34000009,COMFEED P Broiler Finsher Pellet50,FPBF01,60000900
60000900,20,ZF2,04/06/2025,125,34000009,COMFEED P Broiler Finsher Pellet50,FPBF01,60000900
60000908,10,ZF2,06/06/2025,250,34000009,COMFEED P Broiler Finsher Pellet50,FPBF01,60000908
60000908,20,ZF2,06/06/2025,500,34000010,COMFEED P Broiler Finsher CRB50,FPBF01,60000908
60000909,10,ZF2,06/06/2025,250,34000009,COMFEED P Broiler Finsher Pellet50,FPBF01,60000909
60000909,20,ZF2,06/06/2025,500,34000010,COMFEED P Broiler Finsher CRB50,FPBF01,60000909
60000910,10,ZF2,06/06/2025,250,34000009,COMFEED P Broiler Finsher Pellet50,FPBF01,60000910
60000910,20,ZF2,06/06/2025,500,34000010,COMFEED P Broiler Finsher CRB50,FPBF01,60000910
60000911,10,ZF2,09/06/2025,25,34000009,COMFEED P Broiler Finsher Pellet50,FPBF01,60000911
60000917,10,ZF2,09/06/2025,250,34000009,COMFEED P Broiler Finsher Pellet50,FPBF01,60000917
60000920,10,ZF2,09/06/2025,50,34000009,COMFEED P Broiler Finsher Pellet50,FPBF01,60000920
60000921,10,ZF2,09/06/2025,250,34000009,COMFEED P Broiler Finsher Pellet50,FPBF01,60000921
60000922,10,ZF2,09/06/2025,250,34000009,COMFEED P Broiler Finsher Pellet50,FPBF01,60000922
60000923,10,ZF2,09/06/2025,20000,34000010,COMFEED P Broiler Finsher CRB50,FPBF01,60000923
60000923,20,ZF2,09/06/2025,7500,34000009,COMFEED P Broiler Finsher Pellet50,FPBF01,60000923
60000928,10,ZF2,11/06/2025,250,34000009,COMFEED P Broiler Finsher Pellet50,FPBF01,60000928
60000929,10,ZF2,6/13/2025,600,34000010,COMFEED P Broiler Finsher CRB50,FPBF01,60000929
60000930,10,ZF2,6/16/2025,400,34000010,COMFEED P Broiler Finsher CRB50,FPBF01,60000930
60000931,10,ZF2,6/16/2025,250,34000010,COMFEED P Broiler Finsher CRB50,FPBF01,60000931
60000932,10,ZF2,6/17/2025,500,34000010,COMFEED P Broiler Finsher CRB50,FPBF01,60000932
60000933,10,ZF2,6/17/2025,500,34000010,COMFEED P Broiler Finsher CRB50,FPBF01,60000933
60000934,10,ZF2,6/17/2025,500,34000010,COMFEED P Broiler Finsher CRB50,FPBF01,60000934
60000935,10,ZF2,6/18/2025,750,34000010,COMFEED P Broiler Finsher CRB50,FPBF01,60000935
60000936,10,ZF2,6/18/2025,250,34000010,COMFEED P Broiler Finsher CRB50,FPBF01,60000936
60000937,10,ZF2,6/18/2025,500,34000010,COMFEED P Broiler Finsher CRB50,FPBF01,60000937
60000938,10,ZF2,6/19/2025,1000,34000010,COMFEED P Broiler Finsher CRB50,FPBF01,60000938
60000939,10,ZF2,6/19/2025,550,34000010,COMFEED P Broiler Finsher CRB50,FPBF01,60000939
60000940,10,ZF2,6/19/2025,250,34000010,COMFEED P Broiler Finsher CRB50,FPBF01,60000940
60000958,10,ZF2,6/24/2025,1100,34000142,STP SF ADULT FISH 26/5 PELLET50kg,FPFF01,60000958
60000993,10,ZF2,6/26/2025,1600,34000010,COMFEED P Broiler Finsher CRB50,FPBF01,60000993
60000996,10,ZF2,6/26/2025,125,34000009,COMFEED P Broiler Finsher Pellet50,FPBF01,60000996
60000997,10,ZF2,6/24/2025,2500,34000009,COMFEED P Broiler Finsher Pellet50,FPBF01,60000997
60000998,10,ZF2,6/30/2025,550,34000010,COMFEED P Broiler Finsher CRB50,FPBF01,60000998
60000999,10,ZF2,6/30/2025,500,34000010,COMFEED P Broiler Finsher CRB50,FPBF01,60000999
60001000,10,ZF2,01/07/2025,1000,34000120,BENEFEED C Cockerel Grower CRB50,FPBF04,60001000
60001002,10,ZF2,01/07/2025,500,34000131,ULTRAFEED S CALF GROWER PELLET 50 KG,FPCF01,60001002
60001003,10,ZF2,02/07/2025,1000,34000131,ULTRAFEED S CALF GROWER PELLET 50 KG,FPCF01,60001003
60001004,10,ZF2,6/15/2025,1000,34000131,ULTRAFEED S CALF GROWER PELLET 50 KG,FPCF01,60001004
60001005,10,ZF2,02/06/2025,500,34000131,ULTRAFEED S CALF GROWER PELLET 50 KG,FPCF01,60001005
60001006,10,ZF2,01/07/2025,150,34000131,ULTRAFEED S CALF GROWER PELLET 50 KG,FPCF01,60001006
60001007,10,ZF2,7/20/2025,50,34000131,ULTRAFEED S CALF GROWER PELLET 50 KG,FPCF01,60001007
60001008,10,ZF2,6/20/2025,50,34000131,ULTRAFEED S CALF GROWER PELLET 50 KG,FPCF01,60001008
60001009,10,ZF2,10/06/2025,100,34000131,ULTRAFEED S CALF GROWER PELLET 50 KG,FPCF01,60001009
60001010,10,ZF2,5/25/2025,250,34000131,ULTRAFEED S CALF GROWER PELLET 50 KG,FPCF01,60001010
60001011,10,ZF2,01/07/2025,1250,34000009,COMFEED P Broiler Finsher Pellet50,FPBF01,60001011
60001012,10,ZF2,5/25/2025,500,34000009,COMFEED P Broiler Finsher Pellet50,FPBF01,60001012
60001013,10,ZF2,05/05/2025,1250,34000009,COMFEED P Broiler Finsher Pellet50,FPBF01,60001013
60001014,10,ZF2,03/07/2025,250,34000009,COMFEED P Broiler Finsher Pellet50,FPBF01,60001014
60001015,10,ZF2,04/07/2025,500,34000010,COMFEED P Broiler Finsher CRB50,FPBF01,60001015
60001016,10,ZF2,04/07/2025,250,34000009,COMFEED P Broiler Finsher Pellet50,FPBF01,60001016
60001017,10,ZF2,04/07/2025,125,34000009,COMFEED P Broiler Finsher Pellet50,FPBF01,60001017
60001018,10,ZF2,04/07/2025,25,34000009,COMFEED P Broiler Finsher Pellet50,FPBF01,60001018
60001019,10,ZF2,04/07/2025,25,34000009,COMFEED P Broiler Finsher Pellet50,FPBF01,60001019
60001020,10,ZF2,04/07/2025,25,34000009,COMFEED P Broiler Finsher Pellet50,FPBF01,60001020
60001021,10,ZF2,04/07/2025,25,34000009,COMFEED P Broiler Finsher Pellet50,FPBF01,60001021
60001022,10,ZF2,04/07/2025,25,34000009,COMFEED P Broiler Finsher Pellet50,FPBF01,60001022
60001023,10,ZF2,06/07/2025,600,34000001,COMFEED C Broiler Starter CRB50 CT,FPBF01,60001023
60001023,20,ZF2,06/07/2025,800,34000002,COMFEED C Broiler Finsher Pellet50 CT,FPBF01,60001023
60001023,30,ZF2,06/07/2025,900,34000003,COMFEED C Broiler Pre-Starter CRB50,FPBF01,60001023
60001023,40,ZF2,06/07/2025,1000,34000004,COMFEED C Broiler Starter CRB50,FPBF01,60001023
60001023,50,ZF2,06/07/2025,1100,34000005,COMFEED C Broiler Finsher Pellet50,FPBF01,60001023
60001023,60,ZF2,06/07/2025,1200,34000010,COMFEED P Broiler Finsher CRB50,FPBF01,60001023
60001023,70,ZF2,06/07/2025,650,34000009,COMFEED P Broiler Finsher Pellet50,FPBF01,60001023
60001024,10,ZF2,07/07/2025,1100,34000001,COMFEED C Broiler Starter CRB50 CT,FPBF01,60001024
60001024,20,ZF2,07/07/2025,1200,34000002,COMFEED C Broiler Finsher Pellet50 CT,FPBF01,60001024
60001024,30,ZF2,07/07/2025,1300,34000003,COMFEED C Broiler Pre-Starter CRB50,FPBF01,60001024
60001024,40,ZF2,07/07/2025,1400,34000004,COMFEED C Broiler Starter CRB50,FPBF01,60001024
60001024,50,ZF2,07/07/2025,1500,34000005,COMFEED C Broiler Finsher Pellet50,FPBF01,60001024
60001024,60,ZF2,07/07/2025,800,34000009,COMFEED P Broiler Finsher Pellet50,FPBF01,60001024
60001024,70,ZF2,07/07/2025,1700,34000010,COMFEED P Broiler Finsher CRB50,FPBF01,60001024
60001024,80,ZF2,07/07/2025,720,34000008,COMFEED P Broiler Starter CRB50,FPBF01,60001024
60001025,10,ZF2,07/07/2025,1100,34000001,COMFEED C Broiler Starter CRB50 CT,FPBF01,60001025
60001025,20,ZF2,07/07/2025,1200,34000002,COMFEED C Broiler Finsher Pellet50 CT,FPBF01,60001025
60001025,30,ZF2,07/07/2025,1300,34000003,COMFEED C Broiler Pre-Starter CRB50,FPBF01,60001025
60001025,40,ZF2,07/07/2025,1400,34000004,COMFEED C Broiler Starter CRB50,FPBF01,60001025
60001025,50,ZF2,07/07/2025,1500,34000005,COMFEED C Broiler Finsher Pellet50,FPBF01,60001025
60001025,60,ZF2,07/07/2025,1600,34000006,COMFEED C Broiler Finsher CRB50,FPBF01,60001025
60001025,80,ZF2,07/07/2025,720,34000008,COMFEED P Broiler Starter CRB50,FPBF01,60001025
60001025,90,ZF2,07/07/2025,950,34000009,COMFEED P Broiler Finsher Pellet50,FPBF01,60001025
60001025,100,ZF2,07/07/2025,2000,34000010,COMFEED P Broiler Finsher CRB50,FPBF01,60001025
60001026,10,ZF2,07/07/2025,1100,34000001,COMFEED C Broiler Starter CRB50 CT,FPBF01,60001026
60001026,20,ZF2,07/07/2025,1200,34000002,COMFEED C Broiler Finsher Pellet50 CT,FPBF01,60001026
60001026,30,ZF2,07/07/2025,1300,34000003,COMFEED C Broiler Pre-Starter CRB50,FPBF01,60001026
60001026,40,ZF2,07/07/2025,1400,34000004,COMFEED C Broiler Starter CRB50,FPBF01,60001026
60001026,50,ZF2,07/07/2025,1500,34000005,COMFEED C Broiler Finsher Pellet50,FPBF01,60001026
60001026,60,ZF2,07/07/2025,1600,34000006,COMFEED C Broiler Finsher CRB50,FPBF01,60001026
60001026,70,ZF2,07/07/2025,1700,34000010,COMFEED P Broiler Finsher CRB50,FPBF01,60001026
60001026,80,ZF2,07/07/2025,720,34000008,COMFEED P Broiler Starter CRB50,FPBF01,60001026
60001026,90,ZF2,07/07/2025,950,34000009,COMFEED P Broiler Finsher Pellet50,FPBF01,60001026
60001027,10,ZF2,08/07/2025,1100,34000001,COMFEED C Broiler Starter CRB50 CT,FPBF01,60001027
60001027,20,ZF2,08/07/2025,1200,34000002,COMFEED C Broiler Finsher Pellet50 CT,FPBF01,60001027
60001027,30,ZF2,08/07/2025,1300,34000003,COMFEED C Broiler Pre-Starter CRB50,FPBF01,60001027
60001027,40,ZF2,08/07/2025,1400,34000004,COMFEED C Broiler Starter CRB50,FPBF01,60001027
60001027,50,ZF2,08/07/2025,1500,34000005,COMFEED C Broiler Finsher Pellet50,FPBF01,60001027
60001027,60,ZF2,08/07/2025,1600,34000006,COMFEED C Broiler Finsher CRB50,FPBF01,60001027
60001027,70,ZF2,08/07/2025,680,34000008,COMFEED P Broiler Starter CRB50,FPBF01,60001027
60001027,80,ZF2,08/07/2025,900,34000009,COMFEED P Broiler Finsher Pellet50,FPBF01,60001027
60001027,90,ZF2,08/07/2025,1900,34000010,COMFEED P Broiler Finsher CRB50,FPBF01,60001027
60001027,100,ZF2,08/07/2025,2000,34000015,BENEFEED P Broiler Starter CRB50,FPBF01,60001027
60001027,110,ZF2,08/07/2025,2100,34000016,BENEFEED P Broiler Finsher CRB50,FPBF01,60001027
60001027,120,ZF2,08/07/2025,2200,34000017,BENEFEED P Broiler Finsher Pellet50,FPBF01,60001027
60001027,130,ZF2,08/07/2025,1380,34000018,COMFEED P Broiler Pre-Starter CRB50 CT,FPBF01,60001027
60001030,10,ZF2,11/07/2025,1100,34000010,COMFEED P Broiler Finsher CRB50,FPBF01,60001030
60001031,10,ZF2,11/07/2025,50,34000009,COMFEED P Broiler Finsher Pellet50,FPBF01,60001031
60001032,10,ZF2,11/07/2025,100,34000003,COMFEED C Broiler Pre-Starter CRB50,FPBF01,60001032
60001033,10,ZF2,11/07/2025,50,34000009,COMFEED P Broiler Finsher Pellet50,FPBF01,60001033
60001035,10,ZF2,7/17/2025,550,34000001,COMFEED C Broiler Starter CRB50 CT,FPBF01,60001035
60001035,20,ZF2,7/17/2025,600,34000002,COMFEED C Broiler Finsher Pellet50 CT,FPBF01,60001035
60001035,30,ZF2,7/17/2025,650,34000003,COMFEED C Broiler Pre-Starter CRB50,FPBF01,60001035
60001035,40,ZF2,7/17/2025,1400,34000004,COMFEED C Broiler Starter CRB50,FPBF01,60001035
70000001,10,S1,9/13/2024,50,34000076,COMFEED P Layer Starter CRB50,FPLF01,60000004
70000002,10,S1,9/15/2024,1000,34000122,BENEFEED C Deshi Ds Conc 35% CRB50,FPLF01,60000010
70000003,20,S1,9/20/2024,500,34000008,COMFEED P Broiler Starter CRB50,FPBF01,60000022
70000003,30,S1,9/20/2024,500,34000009,COMFEED P Broiler Finsher Pellet50,FPBF01,60000022
70000003,40,S1,9/20/2024,500,34000010,COMFEED P Broiler Finsher CRB50,FPBF01,60000022
70000007,10,S1,9/25/2024,250,34000130,ULTRAFEED S CALF STARTER PELLET 25 KG,FPCF01,60000182
70000008,10,S1,9/15/2024,11,39000002,Total Ash,SERV04,
70000015,10,S1,9/26/2024,1,38000020,Gunny Bag - 50 Kg,SCRP01,76000011
70000015,20,S1,9/26/2024,1,38000021,HDPE Scrap Bag,SCRP03,76000011
70000017,10,S1,04/10/2024,500,34000030,COMFEED P BR Finisher Semi Pellet50,FPBF01,60000454
70000019,10,S1,9/24/2024,5000,34000093,BENEFEED P Layer Layer Ph1 CRB50,FPLF01,60000131
70000020,10,S1,11/11/2024,48,34000007,COMFEED P Broiler Pre-Starter CRB50,FPBF01,60000465
70000020,20,S1,11/11/2024,250,34000008,COMFEED P Broiler Starter CRB50,FPBF01,60000465
70000021,10,S1,05/11/2024,250,34000025A,ULTRAFEED P Broiler Pre-Starter CRB50,FPBF01,60000479
70000022,10,S1,11/27/2024,200,34000117A,BENEFEED C Deshi Starter CRB50,FPDF01,60000530
70000028,10,S1,08/04/2025,1250,34000009,COMFEED P Broiler Finsher Pellet50,FPBF01,60000762
70000028,20,S1,08/04/2025,2000,34000010,COMFEED P Broiler Finsher CRB50,FPBF01,60000762
70000029,10,S1,06/05/2025,25,34000009,COMFEED P Broiler Finsher Pellet50,FPBF01,60000818
70000029,20,S1,06/05/2025,50,34000010,COMFEED P Broiler Finsher CRB50,FPBF01,60000818
70000031,10,S1,5/20/2025,1250,34000010,COMFEED P Broiler Finsher CRB50,FPBF01,60000844
70000031,20,S1,5/20/2025,625,34000009,COMFEED P Broiler Finsher Pellet50,FPBF01,60000844
70000032,10,S1,5/23/2025,300,34000010,COMFEED P Broiler Finsher CRB50,FPBF01,74000017
70000032,11,S1,5/23/2025,300,34000010,COMFEED P Broiler Finsher CRB50,FPBF01,74000017
70000032,20,S1,5/23/2025,175,34000009,COMFEED P Broiler Finsher Pellet50,FPBF01,74000017
70000032,21,S1,5/23/2025,175,34000009,COMFEED P Broiler Finsher Pellet50,FPBF01,74000017
70000033,10,S1,5/26/2025,1675,34000130,ULTRAFEED S CALF STARTER PELLET 25 KG,FPCF01,60000870
70000033,20,S1,5/26/2025,3850,34000131,ULTRAFEED S CALF GROWER PELLET 50 KG,FPCF01,60000870
70000033,30,S1,5/26/2025,4400,34000132,ULTRAFEED S HEIFER FEED PELLET 50 KG,FPCF01,60000870
70000040,10,S1,6/17/2025,500,34000010,COMFEED P Broiler Finsher CRB50,FPBF01,60000934
70000041,10,S1,02/07/2025,1000,34000131,ULTRAFEED S CALF GROWER PELLET 50 KG,FPCF01,60001003
70000042,10,S1,7/20/2025,50,34000131,ULTRAFEED S CALF GROWER PELLET 50 KG,FPCF01,60001007
70000043,10,S1,04/07/2025,250,34000009,COMFEED P Broiler Finsher Pellet50,FPBF01,60001016
70000044,10,S1,07/07/2025,1100,34000001,COMFEED C Broiler Starter CRB50 CT,FPBF01,60001024
70000044,20,S1,07/07/2025,1200,34000002,COMFEED C Broiler Finsher Pellet50 CT,FPBF01,60001024
70000044,30,S1,07/07/2025,1300,34000003,COMFEED C Broiler Pre-Starter CRB50,FPBF01,60001024
70000044,40,S1,07/07/2025,1400,34000004,COMFEED C Broiler Starter CRB50,FPBF01,60001024
70000044,50,S1,07/07/2025,1500,34000005,COMFEED C Broiler Finsher Pellet50,FPBF01,60001024
70000044,60,S1,07/07/2025,800,34000009,COMFEED P Broiler Finsher Pellet50,FPBF01,60001024
70000044,70,S1,07/07/2025,1700,34000010,COMFEED P Broiler Finsher CRB50,FPBF01,60001024
70000044,80,S1,07/07/2025,720,34000008,COMFEED P Broiler Starter CRB50,FPBF01,60001024
70000045,10,S1,07/07/2025,1100,34000001,COMFEED C Broiler Starter CRB50 CT,FPBF01,60001025
70000045,20,S1,07/07/2025,1200,34000002,COMFEED C Broiler Finsher Pellet50 CT,FPBF01,60001025
70000045,30,S1,07/07/2025,1300,34000003,COMFEED C Broiler Pre-Starter CRB50,FPBF01,60001025
70000045,40,S1,07/07/2025,1400,34000004,COMFEED C Broiler Starter CRB50,FPBF01,60001025
70000045,50,S1,07/07/2025,1500,34000005,COMFEED C Broiler Finsher Pellet50,FPBF01,60001025
70000045,60,S1,07/07/2025,1600,34000006,COMFEED C Broiler Finsher CRB50,FPBF01,60001025
70000045,80,S1,07/07/2025,720,34000008,COMFEED P Broiler Starter CRB50,FPBF01,60001025
70000045,90,S1,07/07/2025,950,34000009,COMFEED P Broiler Finsher Pellet50,FPBF01,60001025
70000045,100,S1,07/07/2025,2000,34000010,COMFEED P Broiler Finsher CRB50,FPBF01,60001025
75000001,10,ZRE,9/14/2024,50,34000076,COMFEED P Layer Starter CRB50,FPLF01,60000006
75000002,10,ZRE,9/15/2024,100,34000122,BENEFEED C Deshi Ds Conc 35% CRB50,FPLF01,60000011
75000003,10,ZRE,9/15/2024,50,34000122,BENEFEED C Deshi Ds Conc 35% CRB50,FPLF01,60000009
75000004,10,ZRE,9/19/2024,5000,34000007,COMFEED P Broiler Pre-Starter CRB50,FPBF01,60000016
75000004,20,ZRE,9/19/2024,5000,34000008,COMFEED P Broiler Starter CRB50,FPBF01,60000016
75000004,30,ZRE,9/19/2024,5000,34000009,COMFEED P Broiler Finsher Pellet50,FPBF01,60000016
75000004,40,ZRE,9/19/2024,5000,34000010,COMFEED P Broiler Finsher CRB50,FPBF01,60000016
75000005,10,ZRE,9/20/2024,250,34000008,COMFEED P Broiler Starter CRB50,FPBF01,60000023
75000005,20,ZRE,9/20/2024,250,34000010,COMFEED P Broiler Finsher CRB50,FPBF01,60000023
75000006,10,ZRE,9/20/2024,250,34000008,COMFEED P Broiler Starter CRB50,FPBF01,60000023
75000006,20,ZRE,9/20/2024,250,34000010,COMFEED P Broiler Finsher CRB50,FPBF01,60000023
75000007,10,ZRE,9/22/2024,1250,34000007,COMFEED P Broiler Pre-Starter CRB50,FPBF01,60000061
75000008,10,ZRE,9/23/2024,500,34000007,COMFEED P Broiler Pre-Starter CRB50,FPBF01,60000109
75000009,10,ZRE,9/25/2024,125,34000130,ULTRAFEED S CALF STARTER PELLET 25 KG,FPCF01,60000181
75000009,20,ZRE,9/25/2024,100,34000131,ULTRAFEED S CALF GROWER PELLET 50 KG,FPCF01,60000181
75000009,30,ZRE,9/25/2024,150,34000132,ULTRAFEED S HEIFER FEED PELLET 50 KG,FPCF01,60000181
75000009,40,ZRE,9/25/2024,50,34000133,ULTRAFEED S TRANSITION FEED PELLET 50 KG,FPCF01,60000181
75000009,50,ZRE,9/25/2024,150,34000134,ULTRAFEED S CATTLE FEED PELLET 50 KG,FPCF01,60000181
75000010,10,ZRE,9/27/2024,1000,34000007,COMFEED P Broiler Pre-Starter CRB50,FPBF01,60000128
75000011,10,ZRE,11/11/2024,100,34000007,COMFEED P Broiler Pre-Starter CRB50,FPBF01,60000466
75000012,10,ZRE,01/12/2024,250,33000011A,ULTRAFEED P Broiler Finsher CRB50 CT,FPBF01,60000543
75000015,10,ZRE,4/23/2025,550,34000131,ULTRAFEED S CALF GROWER PELLET 50 KG,FPCF01,60000779
75000016,10,ZRE,4/23/2025,550,34000131,ULTRAFEED S CALF GROWER PELLET 50 KG,FPCF01,60000778
75000019,10,ZRE,5/13/2025,50,34000009,COMFEED P Broiler Finsher Pellet50,FPBF01,60000830
75000019,20,ZRE,5/13/2025,25,34000010,COMFEED P Broiler Finsher CRB50,FPBF01,60000830
75000020,10,ZRE,06/06/2025,25,34000009,COMFEED P Broiler Finsher Pellet50,FPBF01,60000908
75000020,20,ZRE,06/06/2025,50,34000010,COMFEED P Broiler Finsher CRB50,FPBF01,60000908
75000021,10,ZRE,06/06/2025,25,34000009,COMFEED P Broiler Finsher Pellet50,FPBF01,60000909
75000021,20,ZRE,06/06/2025,50,34000010,COMFEED P Broiler Finsher CRB50,FPBF01,60000909
75000022,10,ZRE,06/06/2025,250,34000009,COMFEED P Broiler Finsher Pellet50,FPBF01,60000910
75000022,20,ZRE,06/06/2025,500,34000010,COMFEED P Broiler Finsher CRB50,FPBF01,60000910
75000023,10,ZRE,09/06/2025,125,34000009,COMFEED P Broiler Finsher Pellet50,FPBF01,60000917
75000024,10,ZRE,09/06/2025,25,34000009,COMFEED P Broiler Finsher Pellet50,FPBF01,60000921
75000025,10,ZRE,11/06/2025,125,34000009,COMFEED P Broiler Finsher Pellet50,FPBF01,60000928
75000026,10,ZRE,6/17/2025,250,34000010,COMFEED P Broiler Finsher CRB50,FPBF01,60000932
75000027,10,ZRE,6/17/2025,250,34000010,COMFEED P Broiler Finsher CRB50,FPBF01,60000933
77000001,10,S1,9/13/2024,500,34000076,COMFEED P Layer Starter CRB50,FPLF01,60000003
79000001,10,ZXP,9/16/2024,1000,34000076,COMFEED P Layer Starter CRB50,FPLF01,79000001
79000002,10,ZXP,9/16/2024,500,34000076,COMFEED P Layer Starter CRB50,FPLF01,79000002
79000003,10,ZXP,9/25/2024,25000,34000096,BENEFEED P Layer Layer Ph1 PELLET50,FPLF01,79000003
79000004,10,ZXP,9/28/2024,500,34000096,BENEFEED P Layer Layer Ph1 PELLET50,FPLF01,79000004
79000005,10,ZXP,9/30/2024,907.184,36000004,Corn Yellow Export-Harvest Season,RWMT03,79000005
79000006,10,ZXP,9/30/2024,8164.655,36000004,Corn Yellow Export-Harvest Season,RWMT03,79000006
79000007,10,ZXP,9/30/2024,10000,36000004,Corn Yellow Export-Harvest Season,RWMT03,79000007
79000008,10,ZXP,08/10/2024,1000,36000004,Corn Yellow Export-Harvest Season,RWMT03,79000008
79000009,10,ZXP,10/10/2024,907.184,36000004,Corn Yellow Export-Harvest Season,RWMT03,79000009
79000010,10,ZXP,10/10/2024,750,34000076,COMFEED P Layer Starter CRB50,FPLF01,79000010
79000010,20,ZXP,10/10/2024,500,34000076,COMFEED P Layer Starter CRB50,FPLF01,79000010
79000011,10,ZXP,4/16/2025,2,34000010,COMFEED P Broiler Finsher CRB50,FPBF01,79000011
79000011,20,ZXP,4/16/2025,2,34000009,COMFEED P Broiler Finsher Pellet50,FPBF01,79000011
79000012,10,ZXP,4/16/2025,2,34000010,COMFEED P Broiler Finsher CRB50,FPBF01,79000012
79000012,20,ZXP,4/16/2025,2,34000009,COMFEED P Broiler Finsher Pellet50,FPBF01,79000012
79000013,20,ZXP,4/16/2025,2,34000009,COMFEED P Broiler Finsher Pellet50,FPBF01,79000013
79000014,10,ZXP,4/17/2025,2,34000010,COMFEED P Broiler Finsher CRB50,FPBF01,79000014
79000015,10,ZXP,4/17/2025,2,34000010,COMFEED P Broiler Finsher CRB50,FPBF01,79000015
79000016,10,ZXP,4/17/2025,2,34000010,COMFEED P Broiler Finsher CRB50,FPBF01,79000016
79000017,10,ZXP,4/17/2025,2,34000010,COMFEED P Broiler Finsher CRB50,FPBF01,79000017
79000018,10,ZXP,4/17/2025,2,34000010,COMFEED P Broiler Finsher CRB50,FPBF01,79000018
79000019,10,ZXP,4/17/2025,1,34000130,ULTRAFEED S CALF STARTER PELLET 25 KG,FPCF01,79000019
79000020,10,ZXP,4/17/2025,1,34000130,ULTRAFEED S CALF STARTER PELLET 25 KG,FPCF01,79000020
79000021,10,ZXP,4/17/2025,1,34000142,STP SF ADULT FISH 26/5 PELLET50kg,FPFF01,79000021
60000856,10,ZF2,5/21/2025,175,34000009,COMFEED P Broiler Finsher Pellet50,FPBF01,60000856
60000857,10,ZF2,5/21/2025,2500,34000009,COMFEED P Broiler Finsher Pellet50,FPBF01,60000857
60000858,10,ZF2,5/21/2025,500,34000010,COMFEED P Broiler Finsher CRB50,FPBF01,60000858
60000859,10,ZF2,5/21/2025,1400,34000010,COMFEED P Broiler Finsher CRB50,FPBF01,60000859
60000860,10,ZF2,5/21/2025,1500,34000010,COMFEED P Broiler Finsher CRB50,FPBF01,60000860
